,Row ID,Image ID,Label ID,Prediction
0,1,testing0001,Blank1,0
1,2,testing0001,Blank2,0
2,3,testing0001,Blank3,0
3,4,testing0001,Blank4,0
4,5,testing0001,Blank5,0
5,6,testing0001,Blank6,0
6,7,testing0001,Blank7,0
7,8,testing0001,Blank8,0
8,9,testing0002,Blank1,1
9,10,testing0002,Blank2,0
10,11,testing0002,Blank3,0
11,12,testing0002,Blank4,0
12,13,testing0002,Blank5,0
13,14,testing0002,Blank6,0
14,15,testing0002,Blank7,0
15,16,testing0002,Blank8,0
16,17,testing0002,Blank9,0
17,18,testing0003,Blank1,0
18,19,testing0003,Blank2,1
19,20,testing0003,Blank3,1
20,21,testing0003,Blank4,0
21,22,testing0003,Blank5,0
22,23,testing0003,Blank6,0
23,24,testing0003,Blank7,0
24,25,testing0003,Blank8,0
25,26,testing0004,Blank1,0
26,27,testing0004,Blank2,0
27,28,testing0004,Blank3,0
28,29,testing0004,Blank4,1
29,30,testing0004,Blank5,1
30,31,testing0004,Blank6,1
31,32,testing0004,Blank7,0
32,33,testing0004,Blank8,0
33,34,testing0004,Blank9,0
34,35,testing0004,Blank10,0
35,36,testing0004,Blank11,0
36,37,testing0004,Blank12,0
37,38,testing0005,Blank1,1
38,39,testing0005,Blank2,0
39,40,testing0005,Blank3,0
40,41,testing0005,Blank4,0
41,42,testing0005,Blank5,0
42,43,testing0005,Blank6,0
43,44,testing0005,Blank7,0
44,45,testing0005,Blank8,0
45,46,testing0005,Blank9,0
46,47,testing0005,Blank10,0
47,48,testing0005,Blank11,0
48,49,testing0006,Blank1,1
49,50,testing0006,Blank2,0
50,51,testing0006,Blank3,0
51,52,testing0006,Blank4,0
52,53,testing0006,Blank5,0
53,54,testing0006,Blank6,0
54,55,testing0006,Blank7,0
55,56,testing0006,Blank8,0
56,57,testing0006,Blank9,0
57,58,testing0007,Blank1,0
58,59,testing0007,Blank2,0
59,60,testing0007,Blank3,0
60,61,testing0007,Blank4,0
61,62,testing0007,Blank5,0
62,63,testing0007,Blank6,0
63,64,testing0007,Blank7,0
64,65,testing0007,Blank8,0
65,66,testing0007,Blank9,0
66,67,testing0007,Blank10,0
67,68,testing0007,Blank11,0
68,69,testing0007,Blank12,0
69,70,testing0007,Blank13,0
70,71,testing0008,Blank1,0
71,72,testing0008,Blank2,0
72,73,testing0008,Blank3,0
73,74,testing0008,Blank4,0
74,75,testing0008,Blank5,0
75,76,testing0008,Blank6,0
76,77,testing0008,Blank7,0
77,78,testing0008,Blank8,0
78,79,testing0008,Blank9,0
79,80,testing0008,Blank10,0
80,81,testing0008,Blank11,0
81,82,testing0008,Blank12,0
82,83,testing0008,Blank13,0
83,84,testing0008,Blank14,0
84,85,testing0008,Blank15,0
85,86,testing0008,Blank16,0
86,87,testing0009,Blank1,1
87,88,testing0009,Blank2,0
88,89,testing0009,Blank3,0
89,90,testing0009,Blank4,0
90,91,testing0009,Blank5,0
91,92,testing0009,Blank6,0
92,93,testing0009,Blank7,0
93,94,testing0009,Blank8,0
94,95,testing0009,Blank9,0
95,96,testing0009,Blank10,0
96,97,testing0009,Blank11,0
97,98,testing0010,Blank1,0
98,99,testing0010,Blank2,0
99,100,testing0010,Blank3,0
100,101,testing0010,Blank4,0
101,102,testing0010,Blank5,0
102,103,testing0010,Blank6,0
103,104,testing0010,Blank7,0
104,105,testing0010,Blank8,0
105,106,testing0010,Blank9,0
106,107,testing0010,Blank10,0
107,108,testing0010,Blank11,0
108,109,testing0010,Blank12,0
109,110,testing0011,Blank1,1
110,111,testing0011,Blank2,0
111,112,testing0011,Blank3,0
112,113,testing0011,Blank4,0
113,114,testing0011,Blank5,0
114,115,testing0011,Blank6,0
115,116,testing0011,Blank7,0
116,117,testing0011,Blank8,0
117,118,testing0012,Blank1,0
118,119,testing0012,Blank2,0
119,120,testing0012,Blank3,0
120,121,testing0012,Blank4,0
121,122,testing0012,Blank5,0
122,123,testing0012,Blank6,0
123,124,testing0012,Blank7,0
124,125,testing0012,Blank8,0
125,126,testing0013,Blank1,0
126,127,testing0013,Blank2,0
127,128,testing0013,Blank3,0
128,129,testing0013,Blank4,1
129,130,testing0013,Blank5,0
130,131,testing0013,Blank6,0
131,132,testing0013,Blank7,1
132,133,testing0013,Blank8,0
133,134,testing0013,Blank9,0
134,135,testing0013,Blank10,0
135,136,testing0014,Blank1,1
136,137,testing0014,Blank2,0
137,138,testing0014,Blank3,0
138,139,testing0014,Blank4,0
139,140,testing0014,Blank5,0
140,141,testing0014,Blank6,0
141,142,testing0014,Blank7,0
142,143,testing0014,Blank8,0
143,144,testing0014,Blank9,0
144,145,testing0015,Blank1,1
145,146,testing0015,Blank2,0
146,147,testing0015,Blank3,0
147,148,testing0015,Blank4,0
148,149,testing0015,Blank5,0
149,150,testing0015,Blank6,0
150,151,testing0015,Blank7,0
151,152,testing0015,Blank8,0
152,153,testing0015,Blank9,0
153,154,testing0016,Blank1,0
154,155,testing0016,Blank2,0
155,156,testing0016,Blank3,0
156,157,testing0016,Blank4,0
157,158,testing0016,Blank5,0
158,159,testing0016,Blank6,0
159,160,testing0016,Blank7,0
160,161,testing0016,Blank8,0
161,162,testing0017,Blank1,0
162,163,testing0017,Blank2,0
163,164,testing0017,Blank3,0
164,165,testing0017,Blank4,0
165,166,testing0017,Blank5,0
166,167,testing0018,Blank1,0
167,168,testing0018,Blank2,0
168,169,testing0018,Blank3,0
169,170,testing0018,Blank4,0
170,171,testing0018,Blank5,0
171,172,testing0018,Blank6,0
172,173,testing0018,Blank7,0
173,174,testing0019,Blank1,1
174,175,testing0019,Blank2,0
175,176,testing0019,Blank3,0
176,177,testing0019,Blank4,0
177,178,testing0019,Blank5,0
178,179,testing0019,Blank6,0
179,180,testing0019,Blank7,0
180,181,testing0020,Blank1,1
181,182,testing0020,Blank2,0
182,183,testing0020,Blank3,1
183,184,testing0020,Blank4,1
184,185,testing0020,Blank5,0
185,186,testing0020,Blank6,0
186,187,testing0020,Blank7,0
187,188,testing0021,Blank1,0
188,189,testing0021,Blank2,0
189,190,testing0021,Blank3,0
190,191,testing0021,Blank4,0
191,192,testing0021,Blank5,0
192,193,testing0021,Blank6,0
193,194,testing0021,Blank7,0
194,195,testing0021,Blank8,1
195,196,testing0022,Blank1,0
196,197,testing0022,Blank2,0
197,198,testing0022,Blank3,0
198,199,testing0022,Blank4,0
199,200,testing0022,Blank5,0
200,201,testing0022,Blank6,0
201,202,testing0022,Blank7,0
202,203,testing0023,Blank1,1
203,204,testing0023,Blank2,0
204,205,testing0024,Blank1,1
205,206,testing0024,Blank2,1
206,207,testing0024,Blank3,0
207,208,testing0024,Blank4,0
208,209,testing0024,Blank5,1
209,210,testing0024,Blank6,0
210,211,testing0024,Blank7,0
211,212,testing0025,Blank1,1
212,213,testing0025,Blank2,0
213,214,testing0025,Blank3,0
214,215,testing0025,Blank4,0
215,216,testing0025,Blank5,0
216,217,testing0026,Blank1,1
217,218,testing0026,Blank2,0
218,219,testing0026,Blank3,0
219,220,testing0026,Blank4,0
220,221,testing0026,Blank5,0
221,222,testing0027,Blank1,1
222,223,testing0027,Blank2,0
223,224,testing0027,Blank3,0
224,225,testing0027,Blank4,0
225,226,testing0028,Blank1,1
226,227,testing0028,Blank2,0
227,228,testing0028,Blank3,0
228,229,testing0028,Blank4,0
229,230,testing0028,Blank5,0
230,231,testing0028,Blank6,0
231,232,testing0029,Blank1,1
232,233,testing0029,Blank2,0
233,234,testing0029,Blank3,0
234,235,testing0029,Blank4,0
235,236,testing0029,Blank5,0
236,237,testing0029,Blank6,1
237,238,testing0029,Blank7,0
238,239,testing0029,Blank8,0
239,240,testing0029,Blank9,0
240,241,testing0029,Blank10,0
241,242,testing0029,Blank11,0
242,243,testing0030,Blank1,1
243,244,testing0030,Blank2,1
244,245,testing0030,Blank3,0
245,246,testing0030,Blank4,0
246,247,testing0030,Blank5,0
247,248,testing0030,Blank6,0
248,249,testing0030,Blank7,0
249,250,testing0031,Blank1,1
250,251,testing0032,Blank1,0
251,252,testing0032,Blank2,0
252,253,testing0032,Blank3,0
253,254,testing0032,Blank4,0
254,255,testing0032,Blank5,0
255,256,testing0032,Blank6,0
256,257,testing0032,Blank7,0
257,258,testing0032,Blank8,0
258,259,testing0033,Blank1,1
259,260,testing0033,Blank2,0
260,261,testing0033,Blank3,0
261,262,testing0033,Blank4,0
262,263,testing0033,Blank5,0
263,264,testing0033,Blank6,0
264,265,testing0034,Blank1,1
265,266,testing0034,Blank2,0
266,267,testing0034,Blank3,0
267,268,testing0034,Blank4,0
268,269,testing0034,Blank5,0
269,270,testing0034,Blank6,0
270,271,testing0034,Blank7,0
271,272,testing0034,Blank8,0
272,273,testing0034,Blank9,0
273,274,testing0034,Blank10,0
274,275,testing0034,Blank11,0
275,276,testing0034,Blank12,0
276,277,testing0034,Blank13,0
277,278,testing0035,Blank1,1
278,279,testing0036,Blank1,1
279,280,testing0036,Blank2,0
280,281,testing0036,Blank3,0
281,282,testing0036,Blank4,0
282,283,testing0036,Blank5,0
283,284,testing0037,Blank1,0
284,285,testing0037,Blank2,1
285,286,testing0037,Blank3,0
286,287,testing0037,Blank4,0
287,288,testing0037,Blank5,0
288,289,testing0037,Blank6,0
289,290,testing0037,Blank7,0
290,291,testing0037,Blank8,0
291,292,testing0038,Blank1,1
292,293,testing0038,Blank2,0
293,294,testing0038,Blank3,0
294,295,testing0038,Blank4,0
295,296,testing0038,Blank5,0
296,297,testing0038,Blank6,0
297,298,testing0038,Blank7,0
298,299,testing0039,Blank1,0
299,300,testing0039,Blank2,0
300,301,testing0039,Blank3,0
301,302,testing0040,Blank1,0
302,303,testing0040,Blank2,0
303,304,testing0040,Blank3,0
304,305,testing0040,Blank4,0
305,306,testing0040,Blank5,0
306,307,testing0040,Blank6,0
307,308,testing0040,Blank7,0
308,309,testing0040,Blank8,0
309,310,testing0040,Blank9,0
310,311,testing0040,Blank10,0
311,312,testing0041,Blank1,1
312,313,testing0041,Blank2,1
313,314,testing0041,Blank3,0
314,315,testing0041,Blank4,0
315,316,testing0041,Blank5,0
316,317,testing0041,Blank6,0
317,318,testing0041,Blank7,0
318,319,testing0041,Blank8,0
319,320,testing0041,Blank9,0
320,321,testing0041,Blank10,0
321,322,testing0042,Blank1,1
322,323,testing0042,Blank2,0
323,324,testing0042,Blank3,0
324,325,testing0042,Blank4,0
325,326,testing0043,Blank1,0
326,327,testing0043,Blank2,0
327,328,testing0043,Blank3,0
328,329,testing0043,Blank4,0
329,330,testing0044,Blank1,1
330,331,testing0044,Blank2,0
331,332,testing0044,Blank3,0
332,333,testing0045,Blank1,0
333,334,testing0045,Blank2,0
334,335,testing0046,Blank1,0
335,336,testing0046,Blank2,0
336,337,testing0046,Blank3,0
337,338,testing0047,Blank1,1
338,339,testing0047,Blank2,0
339,340,testing0047,Blank3,1
340,341,testing0047,Blank4,0
341,342,testing0047,Blank5,0
342,343,testing0047,Blank6,0
343,344,testing0047,Blank7,0
344,345,testing0047,Blank8,0
345,346,testing0048,Blank1,1
346,347,testing0048,Blank2,0
347,348,testing0048,Blank3,0
348,349,testing0048,Blank4,0
349,350,testing0048,Blank5,0
350,351,testing0048,Blank6,0
351,352,testing0049,Blank1,1
352,353,testing0049,Blank2,0
353,354,testing0049,Blank3,0
354,355,testing0049,Blank4,0
355,356,testing0049,Blank5,0
356,357,testing0049,Blank6,0
357,358,testing0049,Blank7,0
358,359,testing0050,Blank1,1
359,360,testing0050,Blank2,0
360,361,testing0050,Blank3,0
361,362,testing0050,Blank4,0
362,363,testing0050,Blank5,0
363,364,testing0050,Blank6,0
364,365,testing0050,Blank7,0
365,366,testing0050,Blank8,0
366,367,testing0051,Blank1,0
367,368,testing0051,Blank2,0
368,369,testing0051,Blank3,0
369,370,testing0051,Blank4,0
370,371,testing0051,Blank5,0
371,372,testing0051,Blank6,0
372,373,testing0051,Blank7,0
373,374,testing0052,Blank1,1
374,375,testing0052,Blank2,0
375,376,testing0052,Blank3,0
376,377,testing0052,Blank4,0
377,378,testing0052,Blank5,0
378,379,testing0052,Blank6,0
379,380,testing0052,Blank7,0
380,381,testing0052,Blank8,0
381,382,testing0053,Blank1,0
382,383,testing0053,Blank2,0
383,384,testing0053,Blank3,0
384,385,testing0053,Blank4,0
385,386,testing0053,Blank5,0
386,387,testing0053,Blank6,0
387,388,testing0053,Blank7,0
388,389,testing0053,Blank8,0
389,390,testing0053,Blank9,0
390,391,testing0054,Blank1,0
391,392,testing0054,Blank2,0
392,393,testing0054,Blank3,0
393,394,testing0054,Blank4,0
394,395,testing0054,Blank5,0
395,396,testing0054,Blank6,0
396,397,testing0054,Blank7,0
397,398,testing0055,Blank1,1
398,399,testing0055,Blank2,0
399,400,testing0055,Blank3,0
400,401,testing0055,Blank4,0
401,402,testing0055,Blank5,0
402,403,testing0055,Blank6,0
403,404,testing0055,Blank7,0
404,405,testing0056,Blank1,1
405,406,testing0056,Blank2,0
406,407,testing0056,Blank3,0
407,408,testing0056,Blank4,0
408,409,testing0056,Blank5,0
409,410,testing0057,Blank1,1
410,411,testing0057,Blank2,0
411,412,testing0057,Blank3,0
412,413,testing0057,Blank4,0
413,414,testing0057,Blank5,1
414,415,testing0057,Blank6,0
415,416,testing0057,Blank7,0
416,417,testing0057,Blank8,0
417,418,testing0058,Blank1,1
418,419,testing0058,Blank2,0
419,420,testing0058,Blank3,0
420,421,testing0058,Blank4,0
421,422,testing0058,Blank5,0
422,423,testing0058,Blank6,0
423,424,testing0058,Blank7,0
424,425,testing0058,Blank8,0
425,426,testing0059,Blank1,0
426,427,testing0059,Blank2,0
427,428,testing0059,Blank3,0
428,429,testing0059,Blank4,0
429,430,testing0059,Blank5,0
430,431,testing0059,Blank6,0
431,432,testing0059,Blank7,0
432,433,testing0059,Blank8,0
433,434,testing0059,Blank9,0
434,435,testing0060,Blank1,1
435,436,testing0060,Blank2,0
436,437,testing0060,Blank3,0
437,438,testing0060,Blank4,0
438,439,testing0060,Blank5,0
439,440,testing0060,Blank6,0
440,441,testing0060,Blank7,0
441,442,testing0061,Blank1,0
442,443,testing0061,Blank2,0
443,444,testing0061,Blank3,0
444,445,testing0061,Blank4,0
445,446,testing0061,Blank5,0
446,447,testing0062,Blank1,0
447,448,testing0062,Blank2,0
448,449,testing0062,Blank3,0
449,450,testing0062,Blank4,0
450,451,testing0062,Blank5,0
451,452,testing0062,Blank6,0
452,453,testing0062,Blank7,0
453,454,testing0062,Blank8,1
454,455,testing0062,Blank9,0
455,456,testing0062,Blank10,0
456,457,testing0062,Blank11,0
457,458,testing0063,Blank1,0
458,459,testing0063,Blank2,0
459,460,testing0063,Blank3,0
460,461,testing0063,Blank4,0
461,462,testing0063,Blank5,0
462,463,testing0063,Blank6,0
463,464,testing0063,Blank7,0
464,465,testing0063,Blank8,0
465,466,testing0063,Blank9,0
466,467,testing0063,Blank10,0
467,468,testing0064,Blank1,1
468,469,testing0064,Blank2,0
469,470,testing0064,Blank3,0
470,471,testing0064,Blank4,0
471,472,testing0064,Blank5,0
472,473,testing0064,Blank6,0
473,474,testing0064,Blank7,0
474,475,testing0065,Blank1,0
475,476,testing0065,Blank2,0
476,477,testing0065,Blank3,0
477,478,testing0065,Blank4,1
478,479,testing0065,Blank5,0
479,480,testing0065,Blank6,0
480,481,testing0066,Blank1,1
481,482,testing0066,Blank2,1
482,483,testing0066,Blank3,0
483,484,testing0066,Blank4,0
484,485,testing0066,Blank5,0
485,486,testing0066,Blank6,0
486,487,testing0066,Blank7,0
487,488,testing0066,Blank8,0
488,489,testing0066,Blank9,0
489,490,testing0066,Blank10,0
490,491,testing0066,Blank11,0
491,492,testing0066,Blank12,0
492,493,testing0067,Blank1,1
493,494,testing0067,Blank2,0
494,495,testing0067,Blank3,0
495,496,testing0067,Blank4,0
496,497,testing0067,Blank5,0
497,498,testing0067,Blank6,0
498,499,testing0067,Blank7,0
499,500,testing0067,Blank8,0
500,501,testing0068,Blank1,1
501,502,testing0068,Blank2,0
502,503,testing0068,Blank3,0
503,504,testing0068,Blank4,0
504,505,testing0068,Blank5,0
505,506,testing0068,Blank6,0
506,507,testing0068,Blank7,0
507,508,testing0068,Blank8,0
508,509,testing0068,Blank9,0
509,510,testing0069,Blank1,1
510,511,testing0069,Blank2,0
511,512,testing0069,Blank3,0
512,513,testing0069,Blank4,0
513,514,testing0069,Blank5,0
514,515,testing0069,Blank6,0
515,516,testing0070,Blank1,1
516,517,testing0070,Blank2,0
517,518,testing0070,Blank3,0
518,519,testing0070,Blank4,0
519,520,testing0070,Blank5,0
520,521,testing0071,Blank1,1
521,522,testing0071,Blank2,0
522,523,testing0071,Blank3,0
523,524,testing0071,Blank4,0
524,525,testing0071,Blank5,0
525,526,testing0071,Blank6,0
526,527,testing0071,Blank7,0
527,528,testing0072,Blank1,0
528,529,testing0072,Blank2,0
529,530,testing0072,Blank3,0
530,531,testing0072,Blank4,0
531,532,testing0072,Blank5,0
532,533,testing0072,Blank6,0
533,534,testing0073,Blank1,1
534,535,testing0073,Blank2,0
535,536,testing0073,Blank3,0
536,537,testing0073,Blank4,0
537,538,testing0073,Blank5,0
538,539,testing0073,Blank6,0
539,540,testing0073,Blank7,0
540,541,testing0073,Blank8,0
541,542,testing0073,Blank9,0
542,543,testing0073,Blank10,0
543,544,testing0073,Blank11,0
544,545,testing0073,Blank12,0
545,546,testing0073,Blank13,0
546,547,testing0074,Blank1,1
547,548,testing0074,Blank2,0
548,549,testing0074,Blank3,0
549,550,testing0074,Blank4,0
550,551,testing0074,Blank5,0
551,552,testing0074,Blank6,0
552,553,testing0074,Blank7,0
553,554,testing0075,Blank1,1
554,555,testing0075,Blank2,0
555,556,testing0075,Blank3,0
556,557,testing0075,Blank4,0
557,558,testing0075,Blank5,0
558,559,testing0075,Blank6,0
559,560,testing0075,Blank7,0
560,561,testing0075,Blank8,0
561,562,testing0075,Blank9,0
562,563,testing0075,Blank10,0
563,564,testing0076,Blank1,0
564,565,testing0076,Blank2,0
565,566,testing0076,Blank3,0
566,567,testing0076,Blank4,0
567,568,testing0076,Blank5,0
568,569,testing0076,Blank6,0
569,570,testing0076,Blank7,0
570,571,testing0076,Blank8,0
571,572,testing0076,Blank9,0
572,573,testing0077,Blank1,0
573,574,testing0077,Blank2,0
574,575,testing0077,Blank3,0
575,576,testing0077,Blank4,0
576,577,testing0077,Blank5,0
577,578,testing0077,Blank6,0
578,579,testing0077,Blank7,0
579,580,testing0078,Blank1,1
580,581,testing0078,Blank2,0
581,582,testing0078,Blank3,0
582,583,testing0078,Blank4,0
583,584,testing0078,Blank5,0
584,585,testing0078,Blank6,0
585,586,testing0078,Blank7,0
586,587,testing0078,Blank8,0
587,588,testing0078,Blank9,0
588,589,testing0078,Blank10,0
589,590,testing0078,Blank11,0
590,591,testing0078,Blank12,0
591,592,testing0078,Blank13,0
592,593,testing0079,Blank1,1
593,594,testing0079,Blank2,0
594,595,testing0079,Blank3,0
595,596,testing0079,Blank4,0
596,597,testing0079,Blank5,0
597,598,testing0079,Blank6,0
598,599,testing0079,Blank7,0
599,600,testing0079,Blank8,1
600,601,testing0079,Blank9,0
601,602,testing0079,Blank10,0
602,603,testing0079,Blank11,0
603,604,testing0080,Blank1,1
604,605,testing0080,Blank2,0
605,606,testing0080,Blank3,0
606,607,testing0080,Blank4,0
607,608,testing0080,Blank5,0
608,609,testing0080,Blank6,0
609,610,testing0080,Blank7,0
610,611,testing0080,Blank8,0
611,612,testing0080,Blank9,0
612,613,testing0080,Blank10,0
613,614,testing0080,Blank11,0
614,615,testing0080,Blank12,0
615,616,testing0081,Blank1,1
616,617,testing0081,Blank2,1
617,618,testing0081,Blank3,0
618,619,testing0081,Blank4,0
619,620,testing0081,Blank5,0
620,621,testing0081,Blank6,0
621,622,testing0081,Blank7,0
622,623,testing0081,Blank8,0
623,624,testing0081,Blank9,0
624,625,testing0081,Blank10,0
625,626,testing0081,Blank11,0
626,627,testing0081,Blank12,0
627,628,testing0081,Blank13,0
628,629,testing0081,Blank14,0
629,630,testing0082,Blank1,1
630,631,testing0082,Blank2,0
631,632,testing0082,Blank3,0
632,633,testing0082,Blank4,0
633,634,testing0082,Blank5,0
634,635,testing0082,Blank6,0
635,636,testing0082,Blank7,0
636,637,testing0082,Blank8,0
637,638,testing0082,Blank9,0
638,639,testing0083,Blank1,1
639,640,testing0083,Blank2,0
640,641,testing0083,Blank3,0
641,642,testing0083,Blank4,0
642,643,testing0083,Blank5,0
643,644,testing0083,Blank6,0
644,645,testing0084,Blank1,1
645,646,testing0084,Blank2,0
646,647,testing0084,Blank3,0
647,648,testing0084,Blank4,0
648,649,testing0084,Blank5,0
649,650,testing0084,Blank6,0
650,651,testing0084,Blank7,0
651,652,testing0084,Blank8,0
652,653,testing0084,Blank9,1
653,654,testing0085,Blank1,1
654,655,testing0085,Blank2,0
655,656,testing0085,Blank3,0
656,657,testing0085,Blank4,0
657,658,testing0085,Blank5,0
658,659,testing0085,Blank6,0
659,660,testing0085,Blank7,0
660,661,testing0085,Blank8,0
661,662,testing0085,Blank9,0
662,663,testing0086,Blank1,0
663,664,testing0086,Blank2,0
664,665,testing0086,Blank3,0
665,666,testing0086,Blank4,0
666,667,testing0086,Blank5,0
667,668,testing0086,Blank6,0
668,669,testing0086,Blank7,0
669,670,testing0087,Blank1,1
670,671,testing0087,Blank2,0
671,672,testing0087,Blank3,0
672,673,testing0087,Blank4,0
673,674,testing0087,Blank5,0
674,675,testing0087,Blank6,0
675,676,testing0087,Blank7,0
676,677,testing0087,Blank8,0
677,678,testing0087,Blank9,0
678,679,testing0087,Blank10,0
679,680,testing0087,Blank11,0
680,681,testing0088,Blank1,1
681,682,testing0088,Blank2,0
682,683,testing0088,Blank3,0
683,684,testing0088,Blank4,0
684,685,testing0088,Blank5,0
685,686,testing0088,Blank6,0
686,687,testing0089,Blank1,1
687,688,testing0089,Blank2,0
688,689,testing0089,Blank3,0
689,690,testing0089,Blank4,0
690,691,testing0089,Blank5,0
691,692,testing0089,Blank6,0
692,693,testing0089,Blank7,0
693,694,testing0089,Blank8,0
694,695,testing0089,Blank9,0
695,696,testing0090,Blank1,1
696,697,testing0090,Blank2,0
697,698,testing0090,Blank3,0
698,699,testing0090,Blank4,0
699,700,testing0090,Blank5,0
700,701,testing0090,Blank6,0
701,702,testing0090,Blank7,0
702,703,testing0091,Blank1,1
703,704,testing0091,Blank2,0
704,705,testing0091,Blank3,0
705,706,testing0091,Blank4,0
706,707,testing0091,Blank5,0
707,708,testing0091,Blank6,0
708,709,testing0091,Blank7,0
709,710,testing0091,Blank8,0
710,711,testing0091,Blank9,0
711,712,testing0091,Blank10,0
712,713,testing0091,Blank11,0
713,714,testing0091,Blank12,1
714,715,testing0091,Blank13,0
715,716,testing0092,Blank1,1
716,717,testing0092,Blank2,1
717,718,testing0092,Blank3,0
718,719,testing0092,Blank4,1
719,720,testing0092,Blank5,0
720,721,testing0093,Blank1,1
721,722,testing0093,Blank2,0
722,723,testing0093,Blank3,0
723,724,testing0093,Blank4,0
724,725,testing0093,Blank5,0
725,726,testing0093,Blank6,0
726,727,testing0093,Blank7,0
727,728,testing0093,Blank8,0
728,729,testing0093,Blank9,0
729,730,testing0093,Blank10,0
730,731,testing0094,Blank1,1
731,732,testing0094,Blank2,0
732,733,testing0094,Blank3,0
733,734,testing0094,Blank4,0
734,735,testing0094,Blank5,0
735,736,testing0094,Blank6,0
736,737,testing0094,Blank7,0
737,738,testing0094,Blank8,0
738,739,testing0094,Blank9,0
739,740,testing0094,Blank10,0
740,741,testing0094,Blank11,0
741,742,testing0095,Blank1,1
742,743,testing0095,Blank2,1
743,744,testing0095,Blank3,0
744,745,testing0095,Blank4,0
745,746,testing0095,Blank5,0
746,747,testing0095,Blank6,0
747,748,testing0095,Blank7,0
748,749,testing0095,Blank8,0
749,750,testing0095,Blank9,1
750,751,testing0095,Blank10,0
751,752,testing0096,Blank1,1
752,753,testing0096,Blank2,0
753,754,testing0096,Blank3,0
754,755,testing0096,Blank4,0
755,756,testing0096,Blank5,0
756,757,testing0096,Blank6,0
757,758,testing0096,Blank7,0
758,759,testing0096,Blank8,0
759,760,testing0097,Blank1,0
760,761,testing0097,Blank2,0
761,762,testing0097,Blank3,0
762,763,testing0097,Blank4,0
763,764,testing0097,Blank5,0
764,765,testing0097,Blank6,0
765,766,testing0097,Blank7,0
766,767,testing0098,Blank1,1
767,768,testing0098,Blank2,1
768,769,testing0098,Blank3,0
769,770,testing0098,Blank4,0
770,771,testing0098,Blank5,0
771,772,testing0098,Blank6,0
772,773,testing0098,Blank7,0
773,774,testing0098,Blank8,0
774,775,testing0098,Blank9,0
775,776,testing0098,Blank10,0
776,777,testing0098,Blank11,0
777,778,testing0098,Blank12,0
778,779,testing0098,Blank13,0
779,780,testing0098,Blank14,0
780,781,testing0098,Blank15,0
781,782,testing0098,Blank16,0
782,783,testing0099,Blank1,1
783,784,testing0099,Blank2,0
784,785,testing0099,Blank3,0
785,786,testing0099,Blank4,0
786,787,testing0099,Blank5,0
787,788,testing0099,Blank6,0
788,789,testing0099,Blank7,0
789,790,testing0099,Blank8,1
790,791,testing0099,Blank9,0
791,792,testing0099,Blank10,0
792,793,testing0099,Blank11,0
793,794,testing0099,Blank12,1
794,795,testing0099,Blank13,0
795,796,testing0099,Blank14,0
796,797,testing0099,Blank15,0
797,798,testing0100,Blank1,0
798,799,testing0100,Blank2,0
799,800,testing0100,Blank3,0
800,801,testing0100,Blank4,0
801,802,testing0100,Blank5,0
802,803,testing0100,Blank6,0
803,804,testing0100,Blank7,0
804,805,testing0100,Blank8,0
805,806,testing0101,Blank1,1
806,807,testing0101,Blank2,1
807,808,testing0101,Blank3,0
808,809,testing0102,Blank1,0
809,810,testing0102,Blank2,0
810,811,testing0102,Blank3,0
811,812,testing0102,Blank4,0
812,813,testing0102,Blank5,0
813,814,testing0103,Blank1,0
814,815,testing0103,Blank2,0
815,816,testing0103,Blank3,0
816,817,testing0103,Blank4,0
817,818,testing0103,Blank5,0
818,819,testing0103,Blank6,0
819,820,testing0103,Blank7,0
820,821,testing0103,Blank8,0
821,822,testing0103,Blank9,0
822,823,testing0103,Blank10,0
823,824,testing0104,Blank1,0
824,825,testing0104,Blank2,0
825,826,testing0104,Blank3,0
826,827,testing0104,Blank4,0
827,828,testing0104,Blank5,0
828,829,testing0104,Blank6,0
829,830,testing0104,Blank7,0
830,831,testing0104,Blank8,0
831,832,testing0104,Blank9,0
832,833,testing0104,Blank10,0
833,834,testing0104,Blank11,0
834,835,testing0105,Blank1,0
835,836,testing0105,Blank2,0
836,837,testing0105,Blank3,0
837,838,testing0105,Blank4,0
838,839,testing0105,Blank5,0
839,840,testing0105,Blank6,0
840,841,testing0105,Blank7,0
841,842,testing0105,Blank8,0
842,843,testing0105,Blank9,0
843,844,testing0105,Blank10,0
844,845,testing0105,Blank11,0
845,846,testing0106,Blank1,1
846,847,testing0106,Blank2,0
847,848,testing0106,Blank3,0
848,849,testing0106,Blank4,0
849,850,testing0106,Blank5,0
850,851,testing0106,Blank6,0
851,852,testing0106,Blank7,0
852,853,testing0107,Blank1,1
853,854,testing0107,Blank2,0
854,855,testing0107,Blank3,0
855,856,testing0107,Blank4,0
856,857,testing0107,Blank5,0
857,858,testing0107,Blank6,0
858,859,testing0107,Blank7,0
859,860,testing0107,Blank8,0
860,861,testing0107,Blank9,0
861,862,testing0107,Blank10,0
862,863,testing0108,Blank1,1
863,864,testing0108,Blank2,0
864,865,testing0108,Blank3,0
865,866,testing0108,Blank4,0
866,867,testing0108,Blank5,0
867,868,testing0108,Blank6,0
868,869,testing0108,Blank7,1
869,870,testing0108,Blank8,0
870,871,testing0109,Blank1,0
871,872,testing0109,Blank2,0
872,873,testing0109,Blank3,0
873,874,testing0109,Blank4,0
874,875,testing0109,Blank5,0
875,876,testing0109,Blank6,0
876,877,testing0109,Blank7,0
877,878,testing0109,Blank8,0
878,879,testing0109,Blank9,1
879,880,testing0109,Blank10,0
880,881,testing0109,Blank11,0
881,882,testing0109,Blank12,0
882,883,testing0110,Blank1,0
883,884,testing0110,Blank2,0
884,885,testing0110,Blank3,0
885,886,testing0110,Blank4,0
886,887,testing0110,Blank5,0
887,888,testing0110,Blank6,0
888,889,testing0110,Blank7,0
889,890,testing0110,Blank8,0
890,891,testing0110,Blank9,0
891,892,testing0110,Blank10,0
892,893,testing0110,Blank11,0
893,894,testing0111,Blank1,1
894,895,testing0111,Blank2,0
895,896,testing0111,Blank3,0
896,897,testing0111,Blank4,0
897,898,testing0111,Blank5,0
898,899,testing0111,Blank6,0
899,900,testing0111,Blank7,0
900,901,testing0112,Blank1,1
901,902,testing0112,Blank2,0
902,903,testing0112,Blank3,0
903,904,testing0112,Blank4,0
904,905,testing0112,Blank5,0
905,906,testing0112,Blank6,0
906,907,testing0112,Blank7,0
907,908,testing0112,Blank8,0
908,909,testing0113,Blank1,1
909,910,testing0113,Blank2,0
910,911,testing0113,Blank3,0
911,912,testing0113,Blank4,0
912,913,testing0113,Blank5,0
913,914,testing0113,Blank6,0
914,915,testing0114,Blank1,1
915,916,testing0114,Blank2,0
916,917,testing0114,Blank3,0
917,918,testing0114,Blank4,0
918,919,testing0115,Blank1,0
919,920,testing0116,Blank1,1
920,921,testing0116,Blank2,0
921,922,testing0116,Blank3,0
922,923,testing0116,Blank4,0
923,924,testing0116,Blank5,0
924,925,testing0116,Blank6,0
925,926,testing0116,Blank7,0
926,927,testing0116,Blank8,0
927,928,testing0116,Blank9,0
928,929,testing0117,Blank1,1
929,930,testing0117,Blank2,0
930,931,testing0117,Blank3,0
931,932,testing0117,Blank4,0
932,933,testing0117,Blank5,0
933,934,testing0117,Blank6,0
934,935,testing0118,Blank1,1
935,936,testing0118,Blank2,0
936,937,testing0118,Blank3,1
937,938,testing0118,Blank4,0
938,939,testing0118,Blank5,0
939,940,testing0118,Blank6,0
940,941,testing0119,Blank1,0
941,942,testing0119,Blank2,1
942,943,testing0119,Blank3,1
943,944,testing0119,Blank4,0
944,945,testing0119,Blank5,0
945,946,testing0120,Blank1,1
946,947,testing0120,Blank2,0
947,948,testing0120,Blank3,0
948,949,testing0120,Blank4,0
949,950,testing0120,Blank5,0
950,951,testing0120,Blank6,0
951,952,testing0120,Blank7,0
952,953,testing0121,Blank1,0
953,954,testing0121,Blank2,0
954,955,testing0121,Blank3,0
955,956,testing0121,Blank4,0
956,957,testing0121,Blank5,0
957,958,testing0121,Blank6,0
958,959,testing0121,Blank7,0
959,960,testing0121,Blank8,0
960,961,testing0122,Blank1,0
961,962,testing0122,Blank2,0
962,963,testing0122,Blank3,0
963,964,testing0122,Blank4,0
964,965,testing0122,Blank5,0
965,966,testing0122,Blank6,0
966,967,testing0123,Blank1,1
967,968,testing0123,Blank2,0
968,969,testing0123,Blank3,0
969,970,testing0123,Blank4,0
970,971,testing0123,Blank5,0
971,972,testing0123,Blank6,0
972,973,testing0124,Blank1,1
973,974,testing0124,Blank2,1
974,975,testing0124,Blank3,0
975,976,testing0124,Blank4,0
976,977,testing0124,Blank5,0
977,978,testing0124,Blank6,0
978,979,testing0124,Blank7,0
979,980,testing0124,Blank8,0
980,981,testing0125,Blank1,1
981,982,testing0125,Blank2,0
982,983,testing0125,Blank3,0
983,984,testing0125,Blank4,0
984,985,testing0125,Blank5,0
985,986,testing0126,Blank1,0
986,987,testing0126,Blank2,0
987,988,testing0126,Blank3,0
988,989,testing0126,Blank4,0
989,990,testing0126,Blank5,0
990,991,testing0126,Blank6,0
991,992,testing0127,Blank1,0
992,993,testing0127,Blank2,0
993,994,testing0127,Blank3,0
994,995,testing0127,Blank4,0
995,996,testing0127,Blank5,0
996,997,testing0127,Blank6,0
997,998,testing0127,Blank7,0
998,999,testing0127,Blank8,0
999,1000,testing0128,Blank1,0
1000,1001,testing0128,Blank2,0
1001,1002,testing0128,Blank3,0
1002,1003,testing0128,Blank4,1
1003,1004,testing0128,Blank5,0
1004,1005,testing0128,Blank6,0
1005,1006,testing0128,Blank7,0
1006,1007,testing0128,Blank8,0
1007,1008,testing0128,Blank9,0
1008,1009,testing0129,Blank1,0
1009,1010,testing0129,Blank2,0
1010,1011,testing0129,Blank3,0
1011,1012,testing0129,Blank4,0
1012,1013,testing0129,Blank5,0
1013,1014,testing0129,Blank6,0
1014,1015,testing0130,Blank1,0
1015,1016,testing0130,Blank2,0
1016,1017,testing0130,Blank3,0
1017,1018,testing0130,Blank4,0
1018,1019,testing0130,Blank5,0
1019,1020,testing0130,Blank6,0
1020,1021,testing0130,Blank7,0
1021,1022,testing0131,Blank1,1
1022,1023,testing0131,Blank2,0
1023,1024,testing0131,Blank3,0
1024,1025,testing0131,Blank4,0
1025,1026,testing0131,Blank5,0
1026,1027,testing0131,Blank6,0
1027,1028,testing0131,Blank7,0
1028,1029,testing0132,Blank1,0
1029,1030,testing0132,Blank2,0
1030,1031,testing0132,Blank3,0
1031,1032,testing0132,Blank4,0
1032,1033,testing0132,Blank5,0
1033,1034,testing0133,Blank1,1
1034,1035,testing0133,Blank2,0
1035,1036,testing0133,Blank3,0
1036,1037,testing0133,Blank4,0
1037,1038,testing0133,Blank5,0
1038,1039,testing0133,Blank6,0
1039,1040,testing0133,Blank7,0
1040,1041,testing0133,Blank8,0
1041,1042,testing0133,Blank9,0
1042,1043,testing0133,Blank10,0
1043,1044,testing0133,Blank11,0
1044,1045,testing0134,Blank1,0
1045,1046,testing0134,Blank2,0
1046,1047,testing0134,Blank3,0
1047,1048,testing0134,Blank4,0
1048,1049,testing0134,Blank5,0
1049,1050,testing0134,Blank6,0
1050,1051,testing0134,Blank7,0
1051,1052,testing0134,Blank8,0
1052,1053,testing0134,Blank9,0
1053,1054,testing0135,Blank1,0
1054,1055,testing0135,Blank2,0
1055,1056,testing0135,Blank3,0
1056,1057,testing0135,Blank4,0
1057,1058,testing0135,Blank5,0
1058,1059,testing0135,Blank6,0
1059,1060,testing0135,Blank7,0
1060,1061,testing0136,Blank1,0
1061,1062,testing0136,Blank2,0
1062,1063,testing0136,Blank3,0
1063,1064,testing0136,Blank4,0
1064,1065,testing0136,Blank5,0
1065,1066,testing0136,Blank6,0
1066,1067,testing0136,Blank7,0
1067,1068,testing0136,Blank8,0
1068,1069,testing0136,Blank9,0
1069,1070,testing0137,Blank1,0
1070,1071,testing0137,Blank2,0
1071,1072,testing0137,Blank3,0
1072,1073,testing0137,Blank4,0
1073,1074,testing0137,Blank5,0
1074,1075,testing0137,Blank6,0
1075,1076,testing0137,Blank7,0
1076,1077,testing0138,Blank1,1
1077,1078,testing0138,Blank2,0
1078,1079,testing0138,Blank3,0
1079,1080,testing0138,Blank4,0
1080,1081,testing0138,Blank5,0
1081,1082,testing0139,Blank1,0
1082,1083,testing0139,Blank2,0
1083,1084,testing0139,Blank3,0
1084,1085,testing0139,Blank4,0
1085,1086,testing0139,Blank5,0
1086,1087,testing0139,Blank6,0
1087,1088,testing0140,Blank1,0
1088,1089,testing0140,Blank2,0
1089,1090,testing0140,Blank3,0
1090,1091,testing0140,Blank4,0
1091,1092,testing0140,Blank5,0
1092,1093,testing0140,Blank6,0
1093,1094,testing0141,Blank1,1
1094,1095,testing0141,Blank2,0
1095,1096,testing0141,Blank3,0
1096,1097,testing0141,Blank4,0
1097,1098,testing0141,Blank5,0
1098,1099,testing0142,Blank1,1
1099,1100,testing0142,Blank2,0
1100,1101,testing0142,Blank3,0
1101,1102,testing0142,Blank4,0
1102,1103,testing0142,Blank5,0
1103,1104,testing0142,Blank6,0
1104,1105,testing0142,Blank7,0
1105,1106,testing0142,Blank8,0
1106,1107,testing0142,Blank9,0
1107,1108,testing0142,Blank10,0
1108,1109,testing0143,Blank1,1
1109,1110,testing0143,Blank2,0
1110,1111,testing0143,Blank3,0
1111,1112,testing0143,Blank4,0
1112,1113,testing0143,Blank5,0
1113,1114,testing0143,Blank6,0
1114,1115,testing0143,Blank7,0
1115,1116,testing0144,Blank1,1
1116,1117,testing0144,Blank2,0
1117,1118,testing0144,Blank3,0
1118,1119,testing0144,Blank4,0
1119,1120,testing0144,Blank5,0
1120,1121,testing0144,Blank6,0
1121,1122,testing0145,Blank1,1
1122,1123,testing0145,Blank2,0
1123,1124,testing0145,Blank3,0
1124,1125,testing0145,Blank4,0
1125,1126,testing0145,Blank5,0
1126,1127,testing0145,Blank6,0
1127,1128,testing0145,Blank7,0
1128,1129,testing0145,Blank8,0
1129,1130,testing0146,Blank1,1
1130,1131,testing0146,Blank2,0
1131,1132,testing0146,Blank3,0
1132,1133,testing0146,Blank4,0
1133,1134,testing0146,Blank5,0
1134,1135,testing0147,Blank1,1
1135,1136,testing0147,Blank2,0
1136,1137,testing0147,Blank3,1
1137,1138,testing0147,Blank4,0
1138,1139,testing0147,Blank5,0
1139,1140,testing0148,Blank1,1
1140,1141,testing0148,Blank2,0
1141,1142,testing0148,Blank3,0
1142,1143,testing0148,Blank4,0
1143,1144,testing0149,Blank1,0
1144,1145,testing0149,Blank2,1
1145,1146,testing0149,Blank3,0
1146,1147,testing0149,Blank4,0
1147,1148,testing0149,Blank5,0
1148,1149,testing0149,Blank6,0
1149,1150,testing0149,Blank7,0
1150,1151,testing0149,Blank8,0
1151,1152,testing0150,Blank1,1
1152,1153,testing0150,Blank2,0
1153,1154,testing0150,Blank3,0
1154,1155,testing0150,Blank4,0
1155,1156,testing0150,Blank5,0
1156,1157,testing0151,Blank1,1
1157,1158,testing0151,Blank2,0
1158,1159,testing0151,Blank3,0
1159,1160,testing0151,Blank4,0
1160,1161,testing0151,Blank5,0
1161,1162,testing0151,Blank6,0
1162,1163,testing0151,Blank7,0
1163,1164,testing0152,Blank1,1
1164,1165,testing0152,Blank2,0
1165,1166,testing0152,Blank3,0
1166,1167,testing0152,Blank4,0
1167,1168,testing0152,Blank5,0
1168,1169,testing0153,Blank1,0
1169,1170,testing0153,Blank2,0
1170,1171,testing0153,Blank3,0
1171,1172,testing0153,Blank4,0
1172,1173,testing0153,Blank5,0
1173,1174,testing0153,Blank6,0
1174,1175,testing0153,Blank7,0
1175,1176,testing0154,Blank1,1
1176,1177,testing0154,Blank2,0
1177,1178,testing0154,Blank3,0
1178,1179,testing0154,Blank4,0
1179,1180,testing0154,Blank5,0
1180,1181,testing0155,Blank1,0
1181,1182,testing0155,Blank2,0
1182,1183,testing0155,Blank3,0
1183,1184,testing0155,Blank4,0
1184,1185,testing0155,Blank5,0
1185,1186,testing0156,Blank1,1
1186,1187,testing0156,Blank2,0
1187,1188,testing0156,Blank3,0
1188,1189,testing0156,Blank4,0
1189,1190,testing0157,Blank1,1
1190,1191,testing0157,Blank2,0
1191,1192,testing0157,Blank3,0
1192,1193,testing0157,Blank4,0
1193,1194,testing0157,Blank5,0
1194,1195,testing0157,Blank6,0
1195,1196,testing0158,Blank1,1
1196,1197,testing0158,Blank2,0
1197,1198,testing0158,Blank3,0
1198,1199,testing0158,Blank4,1
1199,1200,testing0159,Blank1,0
1200,1201,testing0159,Blank2,0
1201,1202,testing0159,Blank3,0
1202,1203,testing0159,Blank4,0
1203,1204,testing0159,Blank5,0
1204,1205,testing0159,Blank6,0
1205,1206,testing0160,Blank1,1
1206,1207,testing0160,Blank2,0
1207,1208,testing0160,Blank3,0
1208,1209,testing0160,Blank4,0
1209,1210,testing0161,Blank1,0
1210,1211,testing0161,Blank2,0
1211,1212,testing0161,Blank3,0
1212,1213,testing0161,Blank4,0
1213,1214,testing0161,Blank5,0
1214,1215,testing0162,Blank1,0
1215,1216,testing0162,Blank2,0
1216,1217,testing0162,Blank3,0
1217,1218,testing0162,Blank4,0
1218,1219,testing0162,Blank5,0
1219,1220,testing0162,Blank6,0
1220,1221,testing0162,Blank7,0
1221,1222,testing0163,Blank1,0
1222,1223,testing0163,Blank2,0
1223,1224,testing0163,Blank3,0
1224,1225,testing0163,Blank4,0
1225,1226,testing0163,Blank5,0
1226,1227,testing0164,Blank1,0
1227,1228,testing0164,Blank2,0
1228,1229,testing0164,Blank3,0
1229,1230,testing0164,Blank4,0
1230,1231,testing0164,Blank5,0
1231,1232,testing0164,Blank6,0
1232,1233,testing0164,Blank7,0
1233,1234,testing0165,Blank1,0
1234,1235,testing0165,Blank2,0
1235,1236,testing0165,Blank3,0
1236,1237,testing0165,Blank4,0
1237,1238,testing0165,Blank5,0
1238,1239,testing0166,Blank1,1
1239,1240,testing0166,Blank2,0
1240,1241,testing0166,Blank3,0
1241,1242,testing0166,Blank4,0
1242,1243,testing0166,Blank5,0
1243,1244,testing0166,Blank6,0
1244,1245,testing0167,Blank1,0
1245,1246,testing0167,Blank2,1
1246,1247,testing0167,Blank3,0
1247,1248,testing0167,Blank4,0
1248,1249,testing0168,Blank1,0
1249,1250,testing0168,Blank2,0
1250,1251,testing0168,Blank3,0
1251,1252,testing0168,Blank4,1
1252,1253,testing0168,Blank5,0
1253,1254,testing0168,Blank6,0
1254,1255,testing0168,Blank7,0
1255,1256,testing0168,Blank8,0
1256,1257,testing0169,Blank1,1
1257,1258,testing0169,Blank2,1
1258,1259,testing0169,Blank3,0
1259,1260,testing0169,Blank4,0
1260,1261,testing0169,Blank5,0
1261,1262,testing0170,Blank1,1
1262,1263,testing0170,Blank2,1
1263,1264,testing0170,Blank3,0
1264,1265,testing0170,Blank4,0
1265,1266,testing0170,Blank5,0
1266,1267,testing0171,Blank1,1
1267,1268,testing0171,Blank2,1
1268,1269,testing0171,Blank3,0
1269,1270,testing0171,Blank4,1
1270,1271,testing0171,Blank5,0
1271,1272,testing0171,Blank6,0
1272,1273,testing0171,Blank7,0
1273,1274,testing0172,Blank1,1
1274,1275,testing0172,Blank2,0
1275,1276,testing0172,Blank3,0
1276,1277,testing0172,Blank4,0
1277,1278,testing0172,Blank5,0
1278,1279,testing0173,Blank1,1
1279,1280,testing0173,Blank2,1
1280,1281,testing0173,Blank3,0
1281,1282,testing0173,Blank4,0
1282,1283,testing0173,Blank5,0
1283,1284,testing0173,Blank6,0
1284,1285,testing0173,Blank7,0
1285,1286,testing0173,Blank8,0
1286,1287,testing0174,Blank1,0
1287,1288,testing0174,Blank2,0
1288,1289,testing0174,Blank3,0
1289,1290,testing0174,Blank4,0
1290,1291,testing0174,Blank5,0
1291,1292,testing0175,Blank1,1
1292,1293,testing0175,Blank2,0
1293,1294,testing0175,Blank3,0
1294,1295,testing0175,Blank4,0
1295,1296,testing0175,Blank5,0
1296,1297,testing0175,Blank6,0
1297,1298,testing0175,Blank7,0
1298,1299,testing0176,Blank1,0
1299,1300,testing0176,Blank2,0
1300,1301,testing0176,Blank3,0
1301,1302,testing0176,Blank4,0
1302,1303,testing0176,Blank5,1
1303,1304,testing0176,Blank6,0
1304,1305,testing0176,Blank7,0
1305,1306,testing0177,Blank1,0
1306,1307,testing0177,Blank2,0
1307,1308,testing0177,Blank3,0
1308,1309,testing0177,Blank4,0
1309,1310,testing0177,Blank5,0
1310,1311,testing0177,Blank6,0
1311,1312,testing0177,Blank7,0
1312,1313,testing0177,Blank8,0
1313,1314,testing0178,Blank1,1
1314,1315,testing0178,Blank2,1
1315,1316,testing0178,Blank3,0
1316,1317,testing0178,Blank4,0
1317,1318,testing0178,Blank5,0
1318,1319,testing0178,Blank6,0
1319,1320,testing0179,Blank1,1
1320,1321,testing0179,Blank2,0
1321,1322,testing0179,Blank3,0
1322,1323,testing0179,Blank4,0
1323,1324,testing0179,Blank5,0
1324,1325,testing0179,Blank6,0
1325,1326,testing0180,Blank1,0
1326,1327,testing0180,Blank2,0
1327,1328,testing0180,Blank3,0
1328,1329,testing0180,Blank4,0
1329,1330,testing0180,Blank5,0
1330,1331,testing0181,Blank1,1
1331,1332,testing0181,Blank2,0
1332,1333,testing0181,Blank3,0
1333,1334,testing0181,Blank4,0
1334,1335,testing0182,Blank1,1
1335,1336,testing0182,Blank2,0
1336,1337,testing0182,Blank3,0
1337,1338,testing0182,Blank4,0
1338,1339,testing0182,Blank5,0
1339,1340,testing0182,Blank6,0
1340,1341,testing0183,Blank1,1
1341,1342,testing0183,Blank2,0
1342,1343,testing0183,Blank3,0
1343,1344,testing0183,Blank4,0
1344,1345,testing0183,Blank5,0
1345,1346,testing0184,Blank1,1
1346,1347,testing0184,Blank2,0
1347,1348,testing0184,Blank3,0
1348,1349,testing0184,Blank4,0
1349,1350,testing0184,Blank5,0
1350,1351,testing0184,Blank6,0
1351,1352,testing0184,Blank7,0
1352,1353,testing0184,Blank8,0
1353,1354,testing0184,Blank9,0
1354,1355,testing0185,Blank1,0
1355,1356,testing0185,Blank2,0
1356,1357,testing0185,Blank3,0
1357,1358,testing0185,Blank4,0
1358,1359,testing0185,Blank5,0
1359,1360,testing0185,Blank6,0
1360,1361,testing0186,Blank1,1
1361,1362,testing0186,Blank2,0
1362,1363,testing0186,Blank3,0
1363,1364,testing0186,Blank4,0
1364,1365,testing0186,Blank5,0
1365,1366,testing0187,Blank1,1
1366,1367,testing0187,Blank2,0
1367,1368,testing0187,Blank3,0
1368,1369,testing0187,Blank4,0
1369,1370,testing0187,Blank5,0
1370,1371,testing0187,Blank6,0
1371,1372,testing0187,Blank7,0
1372,1373,testing0187,Blank8,0
1373,1374,testing0188,Blank1,1
1374,1375,testing0188,Blank2,0
1375,1376,testing0188,Blank3,0
1376,1377,testing0188,Blank4,0
1377,1378,testing0189,Blank1,0
1378,1379,testing0189,Blank2,0
1379,1380,testing0189,Blank3,0
1380,1381,testing0189,Blank4,0
1381,1382,testing0189,Blank5,0
1382,1383,testing0190,Blank1,1
1383,1384,testing0191,Blank1,1
1384,1385,testing0192,Blank1,1
1385,1386,testing0192,Blank2,0
1386,1387,testing0192,Blank3,0
1387,1388,testing0192,Blank4,0
1388,1389,testing0192,Blank5,0
1389,1390,testing0192,Blank6,0
1390,1391,testing0192,Blank7,0
1391,1392,testing0192,Blank8,0
1392,1393,testing0193,Blank1,0
1393,1394,testing0193,Blank2,1
1394,1395,testing0193,Blank3,0
1395,1396,testing0193,Blank4,1
1396,1397,testing0193,Blank5,0
1397,1398,testing0193,Blank6,0
1398,1399,testing0194,Blank1,0
1399,1400,testing0194,Blank2,1
1400,1401,testing0194,Blank3,1
1401,1402,testing0194,Blank4,0
1402,1403,testing0194,Blank5,0
1403,1404,testing0195,Blank1,0
1404,1405,testing0195,Blank2,1
1405,1406,testing0195,Blank3,0
1406,1407,testing0195,Blank4,0
1407,1408,testing0195,Blank5,1
1408,1409,testing0195,Blank6,1
1409,1410,testing0196,Blank1,0
1410,1411,testing0196,Blank2,0
1411,1412,testing0196,Blank3,1
1412,1413,testing0196,Blank4,0
1413,1414,testing0197,Blank1,0
1414,1415,testing0197,Blank2,0
1415,1416,testing0197,Blank3,0
1416,1417,testing0197,Blank4,1
1417,1418,testing0197,Blank5,0
1418,1419,testing0197,Blank6,0
1419,1420,testing0197,Blank7,1
1420,1421,testing0197,Blank8,0
1421,1422,testing0197,Blank9,0
1422,1423,testing0197,Blank10,0
1423,1424,testing0198,Blank1,1
1424,1425,testing0198,Blank2,0
1425,1426,testing0198,Blank3,1
1426,1427,testing0198,Blank4,0
1427,1428,testing0198,Blank5,0
1428,1429,testing0198,Blank6,0
1429,1430,testing0198,Blank7,1
1430,1431,testing0199,Blank1,0
1431,1432,testing0199,Blank2,0
1432,1433,testing0199,Blank3,0
1433,1434,testing0199,Blank4,1
1434,1435,testing0199,Blank5,0
1435,1436,testing0199,Blank6,0
1436,1437,testing0199,Blank7,0
1437,1438,testing0200,Blank1,1
1438,1439,testing0200,Blank2,0
1439,1440,testing0200,Blank3,0
1440,1441,testing0200,Blank4,0
1441,1442,testing0200,Blank5,1
1442,1443,testing0200,Blank6,1
1443,1444,testing0200,Blank7,0
