Row ID,Image ID,Label ID,Prediction
1,testing0001,Blank1,
2,testing0001,Blank2,
3,testing0001,Blank3,
4,testing0001,Blank4,
5,testing0001,Blank5,
6,testing0001,Blank6,
7,testing0001,Blank7,
8,testing0001,Blank8,
9,testing0002,Blank1,
10,testing0002,Blank2,
11,testing0002,Blank3,
12,testing0002,Blank4,
13,testing0002,Blank5,
14,testing0002,Blank6,
15,testing0002,Blank7,
16,testing0002,Blank8,
17,testing0002,Blank9,
18,testing0003,Blank1,
19,testing0003,Blank2,
20,testing0003,Blank3,
21,testing0003,Blank4,
22,testing0003,Blank5,
23,testing0003,Blank6,
24,testing0003,Blank7,
25,testing0003,Blank8,
26,testing0004,Blank1,
27,testing0004,Blank2,
28,testing0004,Blank3,
29,testing0004,Blank4,
30,testing0004,Blank5,
31,testing0004,Blank6,
32,testing0004,Blank7,
33,testing0004,Blank8,
34,testing0004,Blank9,
35,testing0004,Blank10,
36,testing0004,Blank11,
37,testing0004,Blank12,
38,testing0005,Blank1,
39,testing0005,Blank2,
40,testing0005,Blank3,
41,testing0005,Blank4,
42,testing0005,Blank5,
43,testing0005,Blank6,
44,testing0005,Blank7,
45,testing0005,Blank8,
46,testing0005,Blank9,
47,testing0005,Blank10,
48,testing0005,Blank11,
49,testing0006,Blank1,
50,testing0006,Blank2,
51,testing0006,Blank3,
52,testing0006,Blank4,
53,testing0006,Blank5,
54,testing0006,Blank6,
55,testing0006,Blank7,
56,testing0006,Blank8,
57,testing0006,Blank9,
58,testing0007,Blank1,
59,testing0007,Blank2,
60,testing0007,Blank3,
61,testing0007,Blank4,
62,testing0007,Blank5,
63,testing0007,Blank6,
64,testing0007,Blank7,
65,testing0007,Blank8,
66,testing0007,Blank9,
67,testing0007,Blank10,
68,testing0007,Blank11,
69,testing0007,Blank12,
70,testing0007,Blank13,
71,testing0008,Blank1,
72,testing0008,Blank2,
73,testing0008,Blank3,
74,testing0008,Blank4,
75,testing0008,Blank5,
76,testing0008,Blank6,
77,testing0008,Blank7,
78,testing0008,Blank8,
79,testing0008,Blank9,
80,testing0008,Blank10,
81,testing0008,Blank11,
82,testing0008,Blank12,
83,testing0008,Blank13,
84,testing0008,Blank14,
85,testing0008,Blank15,
86,testing0008,Blank16,
87,testing0009,Blank1,
88,testing0009,Blank2,
89,testing0009,Blank3,
90,testing0009,Blank4,
91,testing0009,Blank5,
92,testing0009,Blank6,
93,testing0009,Blank7,
94,testing0009,Blank8,
95,testing0009,Blank9,
96,testing0009,Blank10,
97,testing0009,Blank11,
98,testing0010,Blank1,
99,testing0010,Blank2,
100,testing0010,Blank3,
101,testing0010,Blank4,
102,testing0010,Blank5,
103,testing0010,Blank6,
104,testing0010,Blank7,
105,testing0010,Blank8,
106,testing0010,Blank9,
107,testing0010,Blank10,
108,testing0010,Blank11,
109,testing0010,Blank12,
110,testing0011,Blank1,
111,testing0011,Blank2,
112,testing0011,Blank3,
113,testing0011,Blank4,
114,testing0011,Blank5,
115,testing0011,Blank6,
116,testing0011,Blank7,
117,testing0011,Blank8,
118,testing0012,Blank1,
119,testing0012,Blank2,
120,testing0012,Blank3,
121,testing0012,Blank4,
122,testing0012,Blank5,
123,testing0012,Blank6,
124,testing0012,Blank7,
125,testing0012,Blank8,
126,testing0013,Blank1,
127,testing0013,Blank2,
128,testing0013,Blank3,
129,testing0013,Blank4,
130,testing0013,Blank5,
131,testing0013,Blank6,
132,testing0013,Blank7,
133,testing0013,Blank8,
134,testing0013,Blank9,
135,testing0013,Blank10,
136,testing0014,Blank1,
137,testing0014,Blank2,
138,testing0014,Blank3,
139,testing0014,Blank4,
140,testing0014,Blank5,
141,testing0014,Blank6,
142,testing0014,Blank7,
143,testing0014,Blank8,
144,testing0014,Blank9,
145,testing0015,Blank1,
146,testing0015,Blank2,
147,testing0015,Blank3,
148,testing0015,Blank4,
149,testing0015,Blank5,
150,testing0015,Blank6,
151,testing0015,Blank7,
152,testing0015,Blank8,
153,testing0015,Blank9,
154,testing0016,Blank1,
155,testing0016,Blank2,
156,testing0016,Blank3,
157,testing0016,Blank4,
158,testing0016,Blank5,
159,testing0016,Blank6,
160,testing0016,Blank7,
161,testing0016,Blank8,
162,testing0017,Blank1,
163,testing0017,Blank2,
164,testing0017,Blank3,
165,testing0017,Blank4,
166,testing0017,Blank5,
167,testing0018,Blank1,
168,testing0018,Blank2,
169,testing0018,Blank3,
170,testing0018,Blank4,
171,testing0018,Blank5,
172,testing0018,Blank6,
173,testing0018,Blank7,
174,testing0019,Blank1,
175,testing0019,Blank2,
176,testing0019,Blank3,
177,testing0019,Blank4,
178,testing0019,Blank5,
179,testing0019,Blank6,
180,testing0019,Blank7,
181,testing0020,Blank1,
182,testing0020,Blank2,
183,testing0020,Blank3,
184,testing0020,Blank4,
185,testing0020,Blank5,
186,testing0020,Blank6,
187,testing0020,Blank7,
188,testing0021,Blank1,
189,testing0021,Blank2,
190,testing0021,Blank3,
191,testing0021,Blank4,
192,testing0021,Blank5,
193,testing0021,Blank6,
194,testing0021,Blank7,
195,testing0021,Blank8,
196,testing0022,Blank1,
197,testing0022,Blank2,
198,testing0022,Blank3,
199,testing0022,Blank4,
200,testing0022,Blank5,
201,testing0022,Blank6,
202,testing0022,Blank7,
203,testing0023,Blank1,
204,testing0023,Blank2,
205,testing0024,Blank1,
206,testing0024,Blank2,
207,testing0024,Blank3,
208,testing0024,Blank4,
209,testing0024,Blank5,
210,testing0024,Blank6,
211,testing0024,Blank7,
212,testing0025,Blank1,
213,testing0025,Blank2,
214,testing0025,Blank3,
215,testing0025,Blank4,
216,testing0025,Blank5,
217,testing0026,Blank1,
218,testing0026,Blank2,
219,testing0026,Blank3,
220,testing0026,Blank4,
221,testing0026,Blank5,
222,testing0027,Blank1,
223,testing0027,Blank2,
224,testing0027,Blank3,
225,testing0027,Blank4,
226,testing0028,Blank1,
227,testing0028,Blank2,
228,testing0028,Blank3,
229,testing0028,Blank4,
230,testing0028,Blank5,
231,testing0028,Blank6,
232,testing0029,Blank1,
233,testing0029,Blank2,
234,testing0029,Blank3,
235,testing0029,Blank4,
236,testing0029,Blank5,
237,testing0029,Blank6,
238,testing0029,Blank7,
239,testing0029,Blank8,
240,testing0029,Blank9,
241,testing0029,Blank10,
242,testing0029,Blank11,
243,testing0030,Blank1,
244,testing0030,Blank2,
245,testing0030,Blank3,
246,testing0030,Blank4,
247,testing0030,Blank5,
248,testing0030,Blank6,
249,testing0030,Blank7,
250,testing0031,Blank1,
251,testing0032,Blank1,
252,testing0032,Blank2,
253,testing0032,Blank3,
254,testing0032,Blank4,
255,testing0032,Blank5,
256,testing0032,Blank6,
257,testing0032,Blank7,
258,testing0032,Blank8,
259,testing0033,Blank1,
260,testing0033,Blank2,
261,testing0033,Blank3,
262,testing0033,Blank4,
263,testing0033,Blank5,
264,testing0033,Blank6,
265,testing0034,Blank1,
266,testing0034,Blank2,
267,testing0034,Blank3,
268,testing0034,Blank4,
269,testing0034,Blank5,
270,testing0034,Blank6,
271,testing0034,Blank7,
272,testing0034,Blank8,
273,testing0034,Blank9,
274,testing0034,Blank10,
275,testing0034,Blank11,
276,testing0034,Blank12,
277,testing0034,Blank13,
278,testing0035,Blank1,
279,testing0036,Blank1,
280,testing0036,Blank2,
281,testing0036,Blank3,
282,testing0036,Blank4,
283,testing0036,Blank5,
284,testing0037,Blank1,
285,testing0037,Blank2,
286,testing0037,Blank3,
287,testing0037,Blank4,
288,testing0037,Blank5,
289,testing0037,Blank6,
290,testing0037,Blank7,
291,testing0037,Blank8,
292,testing0038,Blank1,
293,testing0038,Blank2,
294,testing0038,Blank3,
295,testing0038,Blank4,
296,testing0038,Blank5,
297,testing0038,Blank6,
298,testing0038,Blank7,
299,testing0039,Blank1,
300,testing0039,Blank2,
301,testing0039,Blank3,
302,testing0040,Blank1,
303,testing0040,Blank2,
304,testing0040,Blank3,
305,testing0040,Blank4,
306,testing0040,Blank5,
307,testing0040,Blank6,
308,testing0040,Blank7,
309,testing0040,Blank8,
310,testing0040,Blank9,
311,testing0040,Blank10,
312,testing0041,Blank1,
313,testing0041,Blank2,
314,testing0041,Blank3,
315,testing0041,Blank4,
316,testing0041,Blank5,
317,testing0041,Blank6,
318,testing0041,Blank7,
319,testing0041,Blank8,
320,testing0041,Blank9,
321,testing0041,Blank10,
322,testing0042,Blank1,
323,testing0042,Blank2,
324,testing0042,Blank3,
325,testing0042,Blank4,
326,testing0043,Blank1,
327,testing0043,Blank2,
328,testing0043,Blank3,
329,testing0043,Blank4,
330,testing0044,Blank1,
331,testing0044,Blank2,
332,testing0044,Blank3,
333,testing0045,Blank1,
334,testing0045,Blank2,
335,testing0046,Blank1,
336,testing0046,Blank2,
337,testing0046,Blank3,
338,testing0047,Blank1,
339,testing0047,Blank2,
340,testing0047,Blank3,
341,testing0047,Blank4,
342,testing0047,Blank5,
343,testing0047,Blank6,
344,testing0047,Blank7,
345,testing0047,Blank8,
346,testing0048,Blank1,
347,testing0048,Blank2,
348,testing0048,Blank3,
349,testing0048,Blank4,
350,testing0048,Blank5,
351,testing0048,Blank6,
352,testing0049,Blank1,
353,testing0049,Blank2,
354,testing0049,Blank3,
355,testing0049,Blank4,
356,testing0049,Blank5,
357,testing0049,Blank6,
358,testing0049,Blank7,
359,testing0050,Blank1,
360,testing0050,Blank2,
361,testing0050,Blank3,
362,testing0050,Blank4,
363,testing0050,Blank5,
364,testing0050,Blank6,
365,testing0050,Blank7,
366,testing0050,Blank8,
367,testing0051,Blank1,
368,testing0051,Blank2,
369,testing0051,Blank3,
370,testing0051,Blank4,
371,testing0051,Blank5,
372,testing0051,Blank6,
373,testing0051,Blank7,
374,testing0052,Blank1,
375,testing0052,Blank2,
376,testing0052,Blank3,
377,testing0052,Blank4,
378,testing0052,Blank5,
379,testing0052,Blank6,
380,testing0052,Blank7,
381,testing0052,Blank8,
382,testing0053,Blank1,
383,testing0053,Blank2,
384,testing0053,Blank3,
385,testing0053,Blank4,
386,testing0053,Blank5,
387,testing0053,Blank6,
388,testing0053,Blank7,
389,testing0053,Blank8,
390,testing0053,Blank9,
391,testing0054,Blank1,
392,testing0054,Blank2,
393,testing0054,Blank3,
394,testing0054,Blank4,
395,testing0054,Blank5,
396,testing0054,Blank6,
397,testing0054,Blank7,
398,testing0055,Blank1,
399,testing0055,Blank2,
400,testing0055,Blank3,
401,testing0055,Blank4,
402,testing0055,Blank5,
403,testing0055,Blank6,
404,testing0055,Blank7,
405,testing0056,Blank1,
406,testing0056,Blank2,
407,testing0056,Blank3,
408,testing0056,Blank4,
409,testing0056,Blank5,
410,testing0057,Blank1,
411,testing0057,Blank2,
412,testing0057,Blank3,
413,testing0057,Blank4,
414,testing0057,Blank5,
415,testing0057,Blank6,
416,testing0057,Blank7,
417,testing0057,Blank8,
418,testing0058,Blank1,
419,testing0058,Blank2,
420,testing0058,Blank3,
421,testing0058,Blank4,
422,testing0058,Blank5,
423,testing0058,Blank6,
424,testing0058,Blank7,
425,testing0058,Blank8,
426,testing0059,Blank1,
427,testing0059,Blank2,
428,testing0059,Blank3,
429,testing0059,Blank4,
430,testing0059,Blank5,
431,testing0059,Blank6,
432,testing0059,Blank7,
433,testing0059,Blank8,
434,testing0059,Blank9,
435,testing0060,Blank1,
436,testing0060,Blank2,
437,testing0060,Blank3,
438,testing0060,Blank4,
439,testing0060,Blank5,
440,testing0060,Blank6,
441,testing0060,Blank7,
442,testing0061,Blank1,
443,testing0061,Blank2,
444,testing0061,Blank3,
445,testing0061,Blank4,
446,testing0061,Blank5,
447,testing0062,Blank1,
448,testing0062,Blank2,
449,testing0062,Blank3,
450,testing0062,Blank4,
451,testing0062,Blank5,
452,testing0062,Blank6,
453,testing0062,Blank7,
454,testing0062,Blank8,
455,testing0062,Blank9,
456,testing0062,Blank10,
457,testing0062,Blank11,
458,testing0063,Blank1,
459,testing0063,Blank2,
460,testing0063,Blank3,
461,testing0063,Blank4,
462,testing0063,Blank5,
463,testing0063,Blank6,
464,testing0063,Blank7,
465,testing0063,Blank8,
466,testing0063,Blank9,
467,testing0063,Blank10,
468,testing0064,Blank1,
469,testing0064,Blank2,
470,testing0064,Blank3,
471,testing0064,Blank4,
472,testing0064,Blank5,
473,testing0064,Blank6,
474,testing0064,Blank7,
475,testing0065,Blank1,
476,testing0065,Blank2,
477,testing0065,Blank3,
478,testing0065,Blank4,
479,testing0065,Blank5,
480,testing0065,Blank6,
481,testing0066,Blank1,
482,testing0066,Blank2,
483,testing0066,Blank3,
484,testing0066,Blank4,
485,testing0066,Blank5,
486,testing0066,Blank6,
487,testing0066,Blank7,
488,testing0066,Blank8,
489,testing0066,Blank9,
490,testing0066,Blank10,
491,testing0066,Blank11,
492,testing0066,Blank12,
493,testing0067,Blank1,
494,testing0067,Blank2,
495,testing0067,Blank3,
496,testing0067,Blank4,
497,testing0067,Blank5,
498,testing0067,Blank6,
499,testing0067,Blank7,
500,testing0067,Blank8,
501,testing0068,Blank1,
502,testing0068,Blank2,
503,testing0068,Blank3,
504,testing0068,Blank4,
505,testing0068,Blank5,
506,testing0068,Blank6,
507,testing0068,Blank7,
508,testing0068,Blank8,
509,testing0068,Blank9,
510,testing0069,Blank1,
511,testing0069,Blank2,
512,testing0069,Blank3,
513,testing0069,Blank4,
514,testing0069,Blank5,
515,testing0069,Blank6,
516,testing0070,Blank1,
517,testing0070,Blank2,
518,testing0070,Blank3,
519,testing0070,Blank4,
520,testing0070,Blank5,
521,testing0071,Blank1,
522,testing0071,Blank2,
523,testing0071,Blank3,
524,testing0071,Blank4,
525,testing0071,Blank5,
526,testing0071,Blank6,
527,testing0071,Blank7,
528,testing0072,Blank1,
529,testing0072,Blank2,
530,testing0072,Blank3,
531,testing0072,Blank4,
532,testing0072,Blank5,
533,testing0072,Blank6,
534,testing0073,Blank1,
535,testing0073,Blank2,
536,testing0073,Blank3,
537,testing0073,Blank4,
538,testing0073,Blank5,
539,testing0073,Blank6,
540,testing0073,Blank7,
541,testing0073,Blank8,
542,testing0073,Blank9,
543,testing0073,Blank10,
544,testing0073,Blank11,
545,testing0073,Blank12,
546,testing0073,Blank13,
547,testing0074,Blank1,
548,testing0074,Blank2,
549,testing0074,Blank3,
550,testing0074,Blank4,
551,testing0074,Blank5,
552,testing0074,Blank6,
553,testing0074,Blank7,
554,testing0075,Blank1,
555,testing0075,Blank2,
556,testing0075,Blank3,
557,testing0075,Blank4,
558,testing0075,Blank5,
559,testing0075,Blank6,
560,testing0075,Blank7,
561,testing0075,Blank8,
562,testing0075,Blank9,
563,testing0075,Blank10,
564,testing0076,Blank1,
565,testing0076,Blank2,
566,testing0076,Blank3,
567,testing0076,Blank4,
568,testing0076,Blank5,
569,testing0076,Blank6,
570,testing0076,Blank7,
571,testing0076,Blank8,
572,testing0076,Blank9,
573,testing0077,Blank1,
574,testing0077,Blank2,
575,testing0077,Blank3,
576,testing0077,Blank4,
577,testing0077,Blank5,
578,testing0077,Blank6,
579,testing0077,Blank7,
580,testing0078,Blank1,
581,testing0078,Blank2,
582,testing0078,Blank3,
583,testing0078,Blank4,
584,testing0078,Blank5,
585,testing0078,Blank6,
586,testing0078,Blank7,
587,testing0078,Blank8,
588,testing0078,Blank9,
589,testing0078,Blank10,
590,testing0078,Blank11,
591,testing0078,Blank12,
592,testing0078,Blank13,
593,testing0079,Blank1,
594,testing0079,Blank2,
595,testing0079,Blank3,
596,testing0079,Blank4,
597,testing0079,Blank5,
598,testing0079,Blank6,
599,testing0079,Blank7,
600,testing0079,Blank8,
601,testing0079,Blank9,
602,testing0079,Blank10,
603,testing0079,Blank11,
604,testing0080,Blank1,
605,testing0080,Blank2,
606,testing0080,Blank3,
607,testing0080,Blank4,
608,testing0080,Blank5,
609,testing0080,Blank6,
610,testing0080,Blank7,
611,testing0080,Blank8,
612,testing0080,Blank9,
613,testing0080,Blank10,
614,testing0080,Blank11,
615,testing0080,Blank12,
616,testing0081,Blank1,
617,testing0081,Blank2,
618,testing0081,Blank3,
619,testing0081,Blank4,
620,testing0081,Blank5,
621,testing0081,Blank6,
622,testing0081,Blank7,
623,testing0081,Blank8,
624,testing0081,Blank9,
625,testing0081,Blank10,
626,testing0081,Blank11,
627,testing0081,Blank12,
628,testing0081,Blank13,
629,testing0081,Blank14,
630,testing0082,Blank1,
631,testing0082,Blank2,
632,testing0082,Blank3,
633,testing0082,Blank4,
634,testing0082,Blank5,
635,testing0082,Blank6,
636,testing0082,Blank7,
637,testing0082,Blank8,
638,testing0082,Blank9,
639,testing0083,Blank1,
640,testing0083,Blank2,
641,testing0083,Blank3,
642,testing0083,Blank4,
643,testing0083,Blank5,
644,testing0083,Blank6,
645,testing0084,Blank1,
646,testing0084,Blank2,
647,testing0084,Blank3,
648,testing0084,Blank4,
649,testing0084,Blank5,
650,testing0084,Blank6,
651,testing0084,Blank7,
652,testing0084,Blank8,
653,testing0084,Blank9,
654,testing0085,Blank1,
655,testing0085,Blank2,
656,testing0085,Blank3,
657,testing0085,Blank4,
658,testing0085,Blank5,
659,testing0085,Blank6,
660,testing0085,Blank7,
661,testing0085,Blank8,
662,testing0085,Blank9,
663,testing0086,Blank1,
664,testing0086,Blank2,
665,testing0086,Blank3,
666,testing0086,Blank4,
667,testing0086,Blank5,
668,testing0086,Blank6,
669,testing0086,Blank7,
670,testing0087,Blank1,
671,testing0087,Blank2,
672,testing0087,Blank3,
673,testing0087,Blank4,
674,testing0087,Blank5,
675,testing0087,Blank6,
676,testing0087,Blank7,
677,testing0087,Blank8,
678,testing0087,Blank9,
679,testing0087,Blank10,
680,testing0087,Blank11,
681,testing0088,Blank1,
682,testing0088,Blank2,
683,testing0088,Blank3,
684,testing0088,Blank4,
685,testing0088,Blank5,
686,testing0088,Blank6,
687,testing0089,Blank1,
688,testing0089,Blank2,
689,testing0089,Blank3,
690,testing0089,Blank4,
691,testing0089,Blank5,
692,testing0089,Blank6,
693,testing0089,Blank7,
694,testing0089,Blank8,
695,testing0089,Blank9,
696,testing0090,Blank1,
697,testing0090,Blank2,
698,testing0090,Blank3,
699,testing0090,Blank4,
700,testing0090,Blank5,
701,testing0090,Blank6,
702,testing0090,Blank7,
703,testing0091,Blank1,
704,testing0091,Blank2,
705,testing0091,Blank3,
706,testing0091,Blank4,
707,testing0091,Blank5,
708,testing0091,Blank6,
709,testing0091,Blank7,
710,testing0091,Blank8,
711,testing0091,Blank9,
712,testing0091,Blank10,
713,testing0091,Blank11,
714,testing0091,Blank12,
715,testing0091,Blank13,
716,testing0092,Blank1,
717,testing0092,Blank2,
718,testing0092,Blank3,
719,testing0092,Blank4,
720,testing0092,Blank5,
721,testing0093,Blank1,
722,testing0093,Blank2,
723,testing0093,Blank3,
724,testing0093,Blank4,
725,testing0093,Blank5,
726,testing0093,Blank6,
727,testing0093,Blank7,
728,testing0093,Blank8,
729,testing0093,Blank9,
730,testing0093,Blank10,
731,testing0094,Blank1,
732,testing0094,Blank2,
733,testing0094,Blank3,
734,testing0094,Blank4,
735,testing0094,Blank5,
736,testing0094,Blank6,
737,testing0094,Blank7,
738,testing0094,Blank8,
739,testing0094,Blank9,
740,testing0094,Blank10,
741,testing0094,Blank11,
742,testing0095,Blank1,
743,testing0095,Blank2,
744,testing0095,Blank3,
745,testing0095,Blank4,
746,testing0095,Blank5,
747,testing0095,Blank6,
748,testing0095,Blank7,
749,testing0095,Blank8,
750,testing0095,Blank9,
751,testing0095,Blank10,
752,testing0096,Blank1,
753,testing0096,Blank2,
754,testing0096,Blank3,
755,testing0096,Blank4,
756,testing0096,Blank5,
757,testing0096,Blank6,
758,testing0096,Blank7,
759,testing0096,Blank8,
760,testing0097,Blank1,
761,testing0097,Blank2,
762,testing0097,Blank3,
763,testing0097,Blank4,
764,testing0097,Blank5,
765,testing0097,Blank6,
766,testing0097,Blank7,
767,testing0098,Blank1,
768,testing0098,Blank2,
769,testing0098,Blank3,
770,testing0098,Blank4,
771,testing0098,Blank5,
772,testing0098,Blank6,
773,testing0098,Blank7,
774,testing0098,Blank8,
775,testing0098,Blank9,
776,testing0098,Blank10,
777,testing0098,Blank11,
778,testing0098,Blank12,
779,testing0098,Blank13,
780,testing0098,Blank14,
781,testing0098,Blank15,
782,testing0098,Blank16,
783,testing0099,Blank1,
784,testing0099,Blank2,
785,testing0099,Blank3,
786,testing0099,Blank4,
787,testing0099,Blank5,
788,testing0099,Blank6,
789,testing0099,Blank7,
790,testing0099,Blank8,
791,testing0099,Blank9,
792,testing0099,Blank10,
793,testing0099,Blank11,
794,testing0099,Blank12,
795,testing0099,Blank13,
796,testing0099,Blank14,
797,testing0099,Blank15,
798,testing0100,Blank1,
799,testing0100,Blank2,
800,testing0100,Blank3,
801,testing0100,Blank4,
802,testing0100,Blank5,
803,testing0100,Blank6,
804,testing0100,Blank7,
805,testing0100,Blank8,
806,testing0101,Blank1,
807,testing0101,Blank2,
808,testing0101,Blank3,
809,testing0102,Blank1,
810,testing0102,Blank2,
811,testing0102,Blank3,
812,testing0102,Blank4,
813,testing0102,Blank5,
814,testing0103,Blank1,
815,testing0103,Blank2,
816,testing0103,Blank3,
817,testing0103,Blank4,
818,testing0103,Blank5,
819,testing0103,Blank6,
820,testing0103,Blank7,
821,testing0103,Blank8,
822,testing0103,Blank9,
823,testing0103,Blank10,
824,testing0104,Blank1,
825,testing0104,Blank2,
826,testing0104,Blank3,
827,testing0104,Blank4,
828,testing0104,Blank5,
829,testing0104,Blank6,
830,testing0104,Blank7,
831,testing0104,Blank8,
832,testing0104,Blank9,
833,testing0104,Blank10,
834,testing0104,Blank11,
835,testing0105,Blank1,
836,testing0105,Blank2,
837,testing0105,Blank3,
838,testing0105,Blank4,
839,testing0105,Blank5,
840,testing0105,Blank6,
841,testing0105,Blank7,
842,testing0105,Blank8,
843,testing0105,Blank9,
844,testing0105,Blank10,
845,testing0105,Blank11,
846,testing0106,Blank1,
847,testing0106,Blank2,
848,testing0106,Blank3,
849,testing0106,Blank4,
850,testing0106,Blank5,
851,testing0106,Blank6,
852,testing0106,Blank7,
853,testing0107,Blank1,
854,testing0107,Blank2,
855,testing0107,Blank3,
856,testing0107,Blank4,
857,testing0107,Blank5,
858,testing0107,Blank6,
859,testing0107,Blank7,
860,testing0107,Blank8,
861,testing0107,Blank9,
862,testing0107,Blank10,
863,testing0108,Blank1,
864,testing0108,Blank2,
865,testing0108,Blank3,
866,testing0108,Blank4,
867,testing0108,Blank5,
868,testing0108,Blank6,
869,testing0108,Blank7,
870,testing0108,Blank8,
871,testing0109,Blank1,
872,testing0109,Blank2,
873,testing0109,Blank3,
874,testing0109,Blank4,
875,testing0109,Blank5,
876,testing0109,Blank6,
877,testing0109,Blank7,
878,testing0109,Blank8,
879,testing0109,Blank9,
880,testing0109,Blank10,
881,testing0109,Blank11,
882,testing0109,Blank12,
883,testing0110,Blank1,
884,testing0110,Blank2,
885,testing0110,Blank3,
886,testing0110,Blank4,
887,testing0110,Blank5,
888,testing0110,Blank6,
889,testing0110,Blank7,
890,testing0110,Blank8,
891,testing0110,Blank9,
892,testing0110,Blank10,
893,testing0110,Blank11,
894,testing0111,Blank1,
895,testing0111,Blank2,
896,testing0111,Blank3,
897,testing0111,Blank4,
898,testing0111,Blank5,
899,testing0111,Blank6,
900,testing0111,Blank7,
901,testing0112,Blank1,
902,testing0112,Blank2,
903,testing0112,Blank3,
904,testing0112,Blank4,
905,testing0112,Blank5,
906,testing0112,Blank6,
907,testing0112,Blank7,
908,testing0112,Blank8,
909,testing0113,Blank1,
910,testing0113,Blank2,
911,testing0113,Blank3,
912,testing0113,Blank4,
913,testing0113,Blank5,
914,testing0113,Blank6,
915,testing0114,Blank1,
916,testing0114,Blank2,
917,testing0114,Blank3,
918,testing0114,Blank4,
919,testing0115,Blank1,
920,testing0116,Blank1,
921,testing0116,Blank2,
922,testing0116,Blank3,
923,testing0116,Blank4,
924,testing0116,Blank5,
925,testing0116,Blank6,
926,testing0116,Blank7,
927,testing0116,Blank8,
928,testing0116,Blank9,
929,testing0117,Blank1,
930,testing0117,Blank2,
931,testing0117,Blank3,
932,testing0117,Blank4,
933,testing0117,Blank5,
934,testing0117,Blank6,
935,testing0118,Blank1,
936,testing0118,Blank2,
937,testing0118,Blank3,
938,testing0118,Blank4,
939,testing0118,Blank5,
940,testing0118,Blank6,
941,testing0119,Blank1,
942,testing0119,Blank2,
943,testing0119,Blank3,
944,testing0119,Blank4,
945,testing0119,Blank5,
946,testing0120,Blank1,
947,testing0120,Blank2,
948,testing0120,Blank3,
949,testing0120,Blank4,
950,testing0120,Blank5,
951,testing0120,Blank6,
952,testing0120,Blank7,
953,testing0121,Blank1,
954,testing0121,Blank2,
955,testing0121,Blank3,
956,testing0121,Blank4,
957,testing0121,Blank5,
958,testing0121,Blank6,
959,testing0121,Blank7,
960,testing0121,Blank8,
961,testing0122,Blank1,
962,testing0122,Blank2,
963,testing0122,Blank3,
964,testing0122,Blank4,
965,testing0122,Blank5,
966,testing0122,Blank6,
967,testing0123,Blank1,
968,testing0123,Blank2,
969,testing0123,Blank3,
970,testing0123,Blank4,
971,testing0123,Blank5,
972,testing0123,Blank6,
973,testing0124,Blank1,
974,testing0124,Blank2,
975,testing0124,Blank3,
976,testing0124,Blank4,
977,testing0124,Blank5,
978,testing0124,Blank6,
979,testing0124,Blank7,
980,testing0124,Blank8,
981,testing0125,Blank1,
982,testing0125,Blank2,
983,testing0125,Blank3,
984,testing0125,Blank4,
985,testing0125,Blank5,
986,testing0126,Blank1,
987,testing0126,Blank2,
988,testing0126,Blank3,
989,testing0126,Blank4,
990,testing0126,Blank5,
991,testing0126,Blank6,
992,testing0127,Blank1,
993,testing0127,Blank2,
994,testing0127,Blank3,
995,testing0127,Blank4,
996,testing0127,Blank5,
997,testing0127,Blank6,
998,testing0127,Blank7,
999,testing0127,Blank8,
1000,testing0128,Blank1,
1001,testing0128,Blank2,
1002,testing0128,Blank3,
1003,testing0128,Blank4,
1004,testing0128,Blank5,
1005,testing0128,Blank6,
1006,testing0128,Blank7,
1007,testing0128,Blank8,
1008,testing0128,Blank9,
1009,testing0129,Blank1,
1010,testing0129,Blank2,
1011,testing0129,Blank3,
1012,testing0129,Blank4,
1013,testing0129,Blank5,
1014,testing0129,Blank6,
1015,testing0130,Blank1,
1016,testing0130,Blank2,
1017,testing0130,Blank3,
1018,testing0130,Blank4,
1019,testing0130,Blank5,
1020,testing0130,Blank6,
1021,testing0130,Blank7,
1022,testing0131,Blank1,
1023,testing0131,Blank2,
1024,testing0131,Blank3,
1025,testing0131,Blank4,
1026,testing0131,Blank5,
1027,testing0131,Blank6,
1028,testing0131,Blank7,
1029,testing0132,Blank1,
1030,testing0132,Blank2,
1031,testing0132,Blank3,
1032,testing0132,Blank4,
1033,testing0132,Blank5,
1034,testing0133,Blank1,
1035,testing0133,Blank2,
1036,testing0133,Blank3,
1037,testing0133,Blank4,
1038,testing0133,Blank5,
1039,testing0133,Blank6,
1040,testing0133,Blank7,
1041,testing0133,Blank8,
1042,testing0133,Blank9,
1043,testing0133,Blank10,
1044,testing0133,Blank11,
1045,testing0134,Blank1,
1046,testing0134,Blank2,
1047,testing0134,Blank3,
1048,testing0134,Blank4,
1049,testing0134,Blank5,
1050,testing0134,Blank6,
1051,testing0134,Blank7,
1052,testing0134,Blank8,
1053,testing0134,Blank9,
1054,testing0135,Blank1,
1055,testing0135,Blank2,
1056,testing0135,Blank3,
1057,testing0135,Blank4,
1058,testing0135,Blank5,
1059,testing0135,Blank6,
1060,testing0135,Blank7,
1061,testing0136,Blank1,
1062,testing0136,Blank2,
1063,testing0136,Blank3,
1064,testing0136,Blank4,
1065,testing0136,Blank5,
1066,testing0136,Blank6,
1067,testing0136,Blank7,
1068,testing0136,Blank8,
1069,testing0136,Blank9,
1070,testing0137,Blank1,
1071,testing0137,Blank2,
1072,testing0137,Blank3,
1073,testing0137,Blank4,
1074,testing0137,Blank5,
1075,testing0137,Blank6,
1076,testing0137,Blank7,
1077,testing0138,Blank1,
1078,testing0138,Blank2,
1079,testing0138,Blank3,
1080,testing0138,Blank4,
1081,testing0138,Blank5,
1082,testing0139,Blank1,
1083,testing0139,Blank2,
1084,testing0139,Blank3,
1085,testing0139,Blank4,
1086,testing0139,Blank5,
1087,testing0139,Blank6,
1088,testing0140,Blank1,
1089,testing0140,Blank2,
1090,testing0140,Blank3,
1091,testing0140,Blank4,
1092,testing0140,Blank5,
1093,testing0140,Blank6,
1094,testing0141,Blank1,
1095,testing0141,Blank2,
1096,testing0141,Blank3,
1097,testing0141,Blank4,
1098,testing0141,Blank5,
1099,testing0142,Blank1,
1100,testing0142,Blank2,
1101,testing0142,Blank3,
1102,testing0142,Blank4,
1103,testing0142,Blank5,
1104,testing0142,Blank6,
1105,testing0142,Blank7,
1106,testing0142,Blank8,
1107,testing0142,Blank9,
1108,testing0142,Blank10,
1109,testing0143,Blank1,
1110,testing0143,Blank2,
1111,testing0143,Blank3,
1112,testing0143,Blank4,
1113,testing0143,Blank5,
1114,testing0143,Blank6,
1115,testing0143,Blank7,
1116,testing0144,Blank1,
1117,testing0144,Blank2,
1118,testing0144,Blank3,
1119,testing0144,Blank4,
1120,testing0144,Blank5,
1121,testing0144,Blank6,
1122,testing0145,Blank1,
1123,testing0145,Blank2,
1124,testing0145,Blank3,
1125,testing0145,Blank4,
1126,testing0145,Blank5,
1127,testing0145,Blank6,
1128,testing0145,Blank7,
1129,testing0145,Blank8,
1130,testing0146,Blank1,
1131,testing0146,Blank2,
1132,testing0146,Blank3,
1133,testing0146,Blank4,
1134,testing0146,Blank5,
1135,testing0147,Blank1,
1136,testing0147,Blank2,
1137,testing0147,Blank3,
1138,testing0147,Blank4,
1139,testing0147,Blank5,
1140,testing0148,Blank1,
1141,testing0148,Blank2,
1142,testing0148,Blank3,
1143,testing0148,Blank4,
1144,testing0149,Blank1,
1145,testing0149,Blank2,
1146,testing0149,Blank3,
1147,testing0149,Blank4,
1148,testing0149,Blank5,
1149,testing0149,Blank6,
1150,testing0149,Blank7,
1151,testing0149,Blank8,
1152,testing0150,Blank1,
1153,testing0150,Blank2,
1154,testing0150,Blank3,
1155,testing0150,Blank4,
1156,testing0150,Blank5,
1157,testing0151,Blank1,
1158,testing0151,Blank2,
1159,testing0151,Blank3,
1160,testing0151,Blank4,
1161,testing0151,Blank5,
1162,testing0151,Blank6,
1163,testing0151,Blank7,
1164,testing0152,Blank1,
1165,testing0152,Blank2,
1166,testing0152,Blank3,
1167,testing0152,Blank4,
1168,testing0152,Blank5,
1169,testing0153,Blank1,
1170,testing0153,Blank2,
1171,testing0153,Blank3,
1172,testing0153,Blank4,
1173,testing0153,Blank5,
1174,testing0153,Blank6,
1175,testing0153,Blank7,
1176,testing0154,Blank1,
1177,testing0154,Blank2,
1178,testing0154,Blank3,
1179,testing0154,Blank4,
1180,testing0154,Blank5,
1181,testing0155,Blank1,
1182,testing0155,Blank2,
1183,testing0155,Blank3,
1184,testing0155,Blank4,
1185,testing0155,Blank5,
1186,testing0156,Blank1,
1187,testing0156,Blank2,
1188,testing0156,Blank3,
1189,testing0156,Blank4,
1190,testing0157,Blank1,
1191,testing0157,Blank2,
1192,testing0157,Blank3,
1193,testing0157,Blank4,
1194,testing0157,Blank5,
1195,testing0157,Blank6,
1196,testing0158,Blank1,
1197,testing0158,Blank2,
1198,testing0158,Blank3,
1199,testing0158,Blank4,
1200,testing0159,Blank1,
1201,testing0159,Blank2,
1202,testing0159,Blank3,
1203,testing0159,Blank4,
1204,testing0159,Blank5,
1205,testing0159,Blank6,
1206,testing0160,Blank1,
1207,testing0160,Blank2,
1208,testing0160,Blank3,
1209,testing0160,Blank4,
1210,testing0161,Blank1,
1211,testing0161,Blank2,
1212,testing0161,Blank3,
1213,testing0161,Blank4,
1214,testing0161,Blank5,
1215,testing0162,Blank1,
1216,testing0162,Blank2,
1217,testing0162,Blank3,
1218,testing0162,Blank4,
1219,testing0162,Blank5,
1220,testing0162,Blank6,
1221,testing0162,Blank7,
1222,testing0163,Blank1,
1223,testing0163,Blank2,
1224,testing0163,Blank3,
1225,testing0163,Blank4,
1226,testing0163,Blank5,
1227,testing0164,Blank1,
1228,testing0164,Blank2,
1229,testing0164,Blank3,
1230,testing0164,Blank4,
1231,testing0164,Blank5,
1232,testing0164,Blank6,
1233,testing0164,Blank7,
1234,testing0165,Blank1,
1235,testing0165,Blank2,
1236,testing0165,Blank3,
1237,testing0165,Blank4,
1238,testing0165,Blank5,
1239,testing0166,Blank1,
1240,testing0166,Blank2,
1241,testing0166,Blank3,
1242,testing0166,Blank4,
1243,testing0166,Blank5,
1244,testing0166,Blank6,
1245,testing0167,Blank1,
1246,testing0167,Blank2,
1247,testing0167,Blank3,
1248,testing0167,Blank4,
1249,testing0168,Blank1,
1250,testing0168,Blank2,
1251,testing0168,Blank3,
1252,testing0168,Blank4,
1253,testing0168,Blank5,
1254,testing0168,Blank6,
1255,testing0168,Blank7,
1256,testing0168,Blank8,
1257,testing0169,Blank1,
1258,testing0169,Blank2,
1259,testing0169,Blank3,
1260,testing0169,Blank4,
1261,testing0169,Blank5,
1262,testing0170,Blank1,
1263,testing0170,Blank2,
1264,testing0170,Blank3,
1265,testing0170,Blank4,
1266,testing0170,Blank5,
1267,testing0171,Blank1,
1268,testing0171,Blank2,
1269,testing0171,Blank3,
1270,testing0171,Blank4,
1271,testing0171,Blank5,
1272,testing0171,Blank6,
1273,testing0171,Blank7,
1274,testing0172,Blank1,
1275,testing0172,Blank2,
1276,testing0172,Blank3,
1277,testing0172,Blank4,
1278,testing0172,Blank5,
1279,testing0173,Blank1,
1280,testing0173,Blank2,
1281,testing0173,Blank3,
1282,testing0173,Blank4,
1283,testing0173,Blank5,
1284,testing0173,Blank6,
1285,testing0173,Blank7,
1286,testing0173,Blank8,
1287,testing0174,Blank1,
1288,testing0174,Blank2,
1289,testing0174,Blank3,
1290,testing0174,Blank4,
1291,testing0174,Blank5,
1292,testing0175,Blank1,
1293,testing0175,Blank2,
1294,testing0175,Blank3,
1295,testing0175,Blank4,
1296,testing0175,Blank5,
1297,testing0175,Blank6,
1298,testing0175,Blank7,
1299,testing0176,Blank1,
1300,testing0176,Blank2,
1301,testing0176,Blank3,
1302,testing0176,Blank4,
1303,testing0176,Blank5,
1304,testing0176,Blank6,
1305,testing0176,Blank7,
1306,testing0177,Blank1,
1307,testing0177,Blank2,
1308,testing0177,Blank3,
1309,testing0177,Blank4,
1310,testing0177,Blank5,
1311,testing0177,Blank6,
1312,testing0177,Blank7,
1313,testing0177,Blank8,
1314,testing0178,Blank1,
1315,testing0178,Blank2,
1316,testing0178,Blank3,
1317,testing0178,Blank4,
1318,testing0178,Blank5,
1319,testing0178,Blank6,
1320,testing0179,Blank1,
1321,testing0179,Blank2,
1322,testing0179,Blank3,
1323,testing0179,Blank4,
1324,testing0179,Blank5,
1325,testing0179,Blank6,
1326,testing0180,Blank1,
1327,testing0180,Blank2,
1328,testing0180,Blank3,
1329,testing0180,Blank4,
1330,testing0180,Blank5,
1331,testing0181,Blank1,
1332,testing0181,Blank2,
1333,testing0181,Blank3,
1334,testing0181,Blank4,
1335,testing0182,Blank1,
1336,testing0182,Blank2,
1337,testing0182,Blank3,
1338,testing0182,Blank4,
1339,testing0182,Blank5,
1340,testing0182,Blank6,
1341,testing0183,Blank1,
1342,testing0183,Blank2,
1343,testing0183,Blank3,
1344,testing0183,Blank4,
1345,testing0183,Blank5,
1346,testing0184,Blank1,
1347,testing0184,Blank2,
1348,testing0184,Blank3,
1349,testing0184,Blank4,
1350,testing0184,Blank5,
1351,testing0184,Blank6,
1352,testing0184,Blank7,
1353,testing0184,Blank8,
1354,testing0184,Blank9,
1355,testing0185,Blank1,
1356,testing0185,Blank2,
1357,testing0185,Blank3,
1358,testing0185,Blank4,
1359,testing0185,Blank5,
1360,testing0185,Blank6,
1361,testing0186,Blank1,
1362,testing0186,Blank2,
1363,testing0186,Blank3,
1364,testing0186,Blank4,
1365,testing0186,Blank5,
1366,testing0187,Blank1,
1367,testing0187,Blank2,
1368,testing0187,Blank3,
1369,testing0187,Blank4,
1370,testing0187,Blank5,
1371,testing0187,Blank6,
1372,testing0187,Blank7,
1373,testing0187,Blank8,
1374,testing0188,Blank1,
1375,testing0188,Blank2,
1376,testing0188,Blank3,
1377,testing0188,Blank4,
1378,testing0189,Blank1,
1379,testing0189,Blank2,
1380,testing0189,Blank3,
1381,testing0189,Blank4,
1382,testing0189,Blank5,
1383,testing0190,Blank1,
1384,testing0191,Blank1,
1385,testing0192,Blank1,
1386,testing0192,Blank2,
1387,testing0192,Blank3,
1388,testing0192,Blank4,
1389,testing0192,Blank5,
1390,testing0192,Blank6,
1391,testing0192,Blank7,
1392,testing0192,Blank8,
1393,testing0193,Blank1,
1394,testing0193,Blank2,
1395,testing0193,Blank3,
1396,testing0193,Blank4,
1397,testing0193,Blank5,
1398,testing0193,Blank6,
1399,testing0194,Blank1,
1400,testing0194,Blank2,
1401,testing0194,Blank3,
1402,testing0194,Blank4,
1403,testing0194,Blank5,
1404,testing0195,Blank1,
1405,testing0195,Blank2,
1406,testing0195,Blank3,
1407,testing0195,Blank4,
1408,testing0195,Blank5,
1409,testing0195,Blank6,
1410,testing0196,Blank1,
1411,testing0196,Blank2,
1412,testing0196,Blank3,
1413,testing0196,Blank4,
1414,testing0197,Blank1,
1415,testing0197,Blank2,
1416,testing0197,Blank3,
1417,testing0197,Blank4,
1418,testing0197,Blank5,
1419,testing0197,Blank6,
1420,testing0197,Blank7,
1421,testing0197,Blank8,
1422,testing0197,Blank9,
1423,testing0197,Blank10,
1424,testing0198,Blank1,
1425,testing0198,Blank2,
1426,testing0198,Blank3,
1427,testing0198,Blank4,
1428,testing0198,Blank5,
1429,testing0198,Blank6,
1430,testing0198,Blank7,
1431,testing0199,Blank1,
1432,testing0199,Blank2,
1433,testing0199,Blank3,
1434,testing0199,Blank4,
1435,testing0199,Blank5,
1436,testing0199,Blank6,
1437,testing0199,Blank7,
1438,testing0200,Blank1,
1439,testing0200,Blank2,
1440,testing0200,Blank3,
1441,testing0200,Blank4,
1442,testing0200,Blank5,
1443,testing0200,Blank6,
1444,testing0200,Blank7,